Emoji,Unicode Name,Descriptions
😂,Face with Tears of Joy,laughing so hard I am crying; that is the funniest thing ever; hilarious joke lol; dying of laughter; rolling on the floor laughing; weeping with joy; so funny i can't breathe; the comedy is gold; best joke of the day; uncontrollable laughing fit; tears of laughter; lmfao; pure comedy; im weak; literally dead; stop it im crying; too funny; hysterical; joke was a ten; laughing face; cant stop laughing; im wheezing; side splitting; comedy central; funny meme; great punchline; i am howling; crack up; burst out laughing; belly laugh; tears streaming; joke of the century; oh my god lol; im finished; peak humor; comedy gold; actual tears; laughing emojis; hilarious stuff; top tier joke; laughing non stop; so much joy; happy tears; dying inside laughing; that killed me; laughing out loud; crying tears of joy; funny story; absolute clowning; im screaming
❤️,Red Heart,i love this so much; sending you my love; classic red heart shape; passion and romance; heart symbol for best friend; deep affection and care; my heart is full; pure love and light; romantic feeling for you; the symbol of love; love you forever; my sweetheart; unconditional love; big red heart; stay in love; loving life; heart for you; so much passion; i adore this; wonderful love; deep connection; romantic gesture; soulmates; true love; my everything; heart and soul; dating life; marriage and love; sweetheart; lovely day; heart emoji; red love; i heart you; sending hugs; warm feelings; kindness and love; deep heart; beautiful soul; i love you; my valentine; precious love; heart of gold; falling in love; sweet love; always and forever; love is in the air; big hugs; showing love; romantic mood; lovely vibes
🔥,Fire,that outfit is lit; something is burning hot; great job on the win; orange and yellow flames; performing really well right now; things are heating up; super hot trending topic; blazing fire and heat; on a hot streak; stay spicy and hot; you are on fire; fire emoji; hot girl summer; absolute heater; burning bright; flames of passion; heat wave; trending now; extremely hot; looking fire; smoking hot; campfire vibes; heat is on; pure fire; high energy; spicy take; burning up; look is lit; absolute fire; destroying the game; top tier energy; scorching hot; intense heat; spicy food; burning coal; fireplace warmth; hot and spicy; on a roll; doing great; spicy vibes; fire in the sky; lit af; looking spicy; hot track; blazing fast; high temp; fire starter; absolute heat; looking sharp; burning desire
😍,Smiling Face with Heart-Eyes,i absolutely adore this; crazy in love with it; looking at something beautiful; eyes full of hearts; fan girlling over this; obsession and deep love; i am lovestruck; so pretty and perfect; crushing on this look; mesmerized by the beauty; loving what i see; heart eyes emoji; so handsome; gorgeous view; stunning results; beautiful day; in love with life; puppy love; crush alert; heart eyes for you; looking sharp; amazing style; heart eyes; fan girl; fan boy; love this look; so cute; amazing beauty; beautiful face; falling for you; heart shaped eyes; looking amazing; so dreamy; beautiful eyes; love at first sight; heart eyes vibe; pure adoration; looking wonderful; so attractive; heart for you; seeing stars; loving it; so sweet; amazing view; heart eyes reaction; cute couple; in love; total babe; gorgeous person; heart eyes only
🤔,Thinking Face,i am wondering about that; let me think deeply; questioning the logic; confused but curious; deep thought and pondering; hmm not quite sure; considering all the options; skeptical and thinking; what do you mean; a puzzling question; wondering why; curious mind; thinking hard; brain teaser; pondering life; let me see; doubtful face; is that true; give me a minute; deep reflection; puzzling over this; wait a second; analyzing the situation; serious thought; questioning everything; hmm let me think; wondering aloud; thinking about it; undecided; looking for answers; contemplating; philosophical thought; mind at work; unsure about this; pondering the future; curious George; wait what; reconsidering; internal dialogue; searching for truth; thinking cap on; what is the catch; making a choice; deep logic; evaluating; brain power; stay curious; thinking face emoji; what if; curiouser and curiouser
😭,Loudly Crying Face,extremely sad and upset; crying my eyes out; heartbroken and devastated; sobbing uncontrollably; this is so unfair; tears streaming down face; emotional wreck right now; overwhelming sadness; crying for help; i can't stop weeping; mourning a loss; feeling low; so depressed; emotional breakdown; waterfalls of tears; im so sad; heart is heavy; crying hard; loud sobbing; tears everywhere; i am devastated; absolute grief; crying out loud; so unhappy; miserable day; feeling tragic; sad story; weeping loudly; crying emoji; tears of pain; so much sorrow; feeling blue; im hurting; emotional pain; heavy crying; crying for you; so much grief; sad face; heart is broken; feeling lonely; i am suffering; tragic loss; sad vibes; lonely heart; crying in the club; pure sadness; hurting inside; crying time; so much misery; feeling lost
✨,Sparkles,something shiny and new; magical glitters; cleaning and glowing; magical fairy dust; feeling fabulous and bright; shining like a star; prestige and high quality; beautiful sparkling lights; shimmering in the sun; a touch of magic; sparkly clean; new car smell; magic trick; shining bright; fairy tales; glitter bomb; sparkles emoji; night sky; twinkling stars; glow up; fresh and clean; sparkly eyes; magical moment; glittering gems; shiny object; bright lights; prestige; high end; magical vibes; sparkles; glittering stars; shine on; glowing skin; magical day; sparkles everywhere; shiny and new; glittering; magic; stars; brightness; twinkling; shimmer; glow; fresh; luxury; magic wand; sparkly; shine; clean; bright
😊,Smiling Face with Smiling Eyes,feeling happy and content; a warm friendly smile; kind and sweet person; glowing with inner peace; simple joy and happiness; smiling at the world; friendly greeting for you; pleasant and cheerful mood; radiating positive energy; peaceful happy face; smiling softly; happy face; content; pleasant; joyful; cheerful; friendly; kind; sweet; peaceful; happy; glowing; warm; smile; positive; energy; inner peace; simple joy; friendly greeting; cheerful mood; happy vibes; smiling; kindness; sweetness; peace; joy; happiness; warmth; positive vibes; friendly smile; happy heart; smiling eyes; soft smile; content heart; joyful soul; cheerful spirit; kind soul; sweet smile; peaceful mind; happy life
🙏,Folded Hands,please do me a favor; saying a prayer; thank you so much; showing high respect; namaste greeting; hoping for the best; a gesture of gratitude; asking for a blessing; spiritual connection; deep appreciation and thanks; prayer hands; please; thank you; namaste; respect; gratitude; blessing; spiritual; appreciation; thanks; hoping; praying; high five; begging; requesting; grateful; thankful; blessed; spiritual vibes; respect always; thank you lord; please help; namaste yoga; gratitude always; appreciative; thankful heart; blessed life; prayerful; respectful; namaste meditation; thank you kindly; please and thank you; gratitude vibes; appreciative heart; thankful soul; blessed day; prayer time; respect to all; namaste spirit; thank you from bottom of heart
👍,Thumbs Up,i agree with you; good job well done; yes that is correct; everything is okay; positive feedback given; sounds like a plan; confirm the message; great work on that; i approve of this; cool with me; thumbs up; agree; good job; well done; yes; correct; okay; positive; feedback; plan; confirm; work; approve; cool; yes sir; affirmative; roger that; sounds good; great; awesome; nice; perfect; okay then; all good; fine; alright; sounds perfect; thumbs up emoji; yes please; okay with me; good to go; ready; confirmed; approved; agreement; positive vibes; well played; good one; nice job; cool beans
🤣,Rolling on the Floor Laughing,that is absolutely hysterical; rofl laughing hard; the funniest thing today; losing it from laughter; laughing until it hurts; completely ridiculous and funny; can't stop the giggles; peak comedy moment; laughing on the ground; extreme humor and joy; rofl; hysterical; funniest; losing it; hurting; ridiculous; funny; giggles; comedy; ground; humor; joy; laughing hard; peak comedy; rofl emoji; so funny; laughing out loud; cant stop; laughing fit; extreme humor; joyful laughter; rolling; floor; laughing; hysterical laughter; funniest thing; losing my mind; hurting from laughter; ridiculous funny; giggle fit; comedy gold; ground laughing; extreme joy; rofl vibe; so hilarious; laughing like crazy; cant stop laughing; laughing until i cry; funny as hell; joke of the year
💀,Skull,i am dead from laughter; spooky skeleton head; feeling extremely tired; dead inside today; scary ghost vibes; humorously dying right now; bony skull face; morbid but funny; end of my life; skeleton bones; skull; dead; laughter; spooky; skeleton; tired; inside; ghost; vibes; dying; bony; morbid; funny; life; bones; skull emoji; i am dead; dying laughing; spooky vibes; skeleton head; extremely tired; dead inside; ghost vibes; humorously dying; bony face; morbid funny; end of life; skeleton bones; skull face; dead laughing; spooky season; skeleton vibes; tired as hell; dead tired; ghost head; dying of laughter; bony head; morbid humor; end of time; skeleton man
🙄,Face with Rolling Eyes,i am so annoyed; here we go again; that is so boring; feeling impatient right now; eye roll for sarcasm; totally unimpressed; are you serious; disbelief and frustration; dismissive facial expression; whatever you say; eye roll; annoyed; boring; impatient; sarcasm; unimpressed; serious; disbelief; frustration; dismissive; whatever; eye roll emoji; so annoyed; here we go; so boring; feeling impatient; eye roll sarcasm; totally bored; serious face; disbelief vibes; frustration face; dismissive look; whatever you want; eye rolling; annoyed face; boring talk; impatient person; sarcasm face; unimpressed look; are you kidding; disbelief look; frustration vibes; dismissive face; whatever dude; eye roll vibe; so over it; here we go; so tired; impatient vibe; sarcasm vibe
🥳,Partying Face,let us celebrate tonight; happy birthday party; blowing a party horn; festive and fun times; celebrating a big win; party animal mode; confetti and joy; having a great time; loud cheers and fun; special occasion celebration; party; celebrate; birthday; horn; festive; fun; win; animal; confetti; joy; time; cheers; occasion; celebration; party face; let's party; happy day; party vibes; festive time; big win; party mode; confetti joy; great time; loud cheers; special day; celebrate life; party animal; birthday joy; festive vibes; fun times; winning; confetti time; joyful; great vibes; cheer; celebration time; special moment; party time; happy times; celebrate always
😎,Smiling Face with Sunglasses,feeling cool and confident; sunny day at beach; wearing dark shades; smooth and relaxed vibe; boss energy only; stylish and trendy; nothing bothers me; keeping it chill; looking sharp today; cool as ice; cool; confident; sunny; beach; shades; relaxed; boss; energy; stylish; trendy; nothing; chill; sharp; ice; cool face; sunglasses; sunny day; beach vibes; dark shades; smooth vibe; relaxed energy; boss mode; energy only; stylish look; trendy style; nothing bothers; keeping chill; looking sharp; ice cool; cool vibes; sunglasses emoji; sunny vibes; beach day; dark glasses; smooth style; relaxed mood; boss vibes; energy vibes; stylish vibes; trendy vibes
🤡,Clown Face,someone acting like a fool; scary circus clown; you are being silly; colorful face paint; creepy clown vibes; joking around foolishly; making a mockery; circus performer; funny but weird; a total joke; clown; fool; scary; circus; silly; colorful; paint; creepy; joking; mockery; performer; funny; weird; joke; clown face; acting foolish; scary clown; being silly; colorful paint; creepy vibes; joking around; making mockery; circus vibes; funny weird; total joke; clowning; foolishness; scary face; silly face; colorful face; creepy face; joking face; mockery face; circus face; funny face; weird face; joke face; clown vibes; foolish vibes; scary vibes
💔,Broken Heart,feeling very heartbroken; end of a relationship; deep emotional pain; shattered love and trust; sad and lonely; my heart is aching; loss and grief; unrequited love; pieces of a heart; heavy sadness; broken; heart; heartbroken; relationship; pain; shattered; love; trust; sad; lonely; aching; loss; grief; unrequited; pieces; sadness; broken heart; end of love; deep pain; shattered heart; sad lonely; aching heart; loss grief; unrequited love; heart pieces; heavy heart; broken vibe; end of us; deep sorrow; shattered love; sad vibes; lonely vibes; aching vibes; loss vibes; grief vibes; unrequited vibes; pieces of heart; heavy vibes; broken soul; end of road
📈,Chart Increasing,growth and success; business is doing well; stock market going up; improving every day; positive trend line; scaling to the top; making huge progress; profits are rising; hitting new heights; moving in right direction; chart; increasing; growth; success; business; stock; market; improving; trend; scaling; progress; profits; heights; direction; chart increasing; business growth; stock up; improving daily; positive trend; scaling top; huge progress; profits rising; new heights; right direction; growth chart; success chart; business chart; stock chart; market chart; improving chart; trend chart; scaling chart; progress chart; profits chart; heights chart; direction chart; increasing chart; growth vibes; success vibes; business vibes
📍,Round Pushpin,mark the location; i am right here; pin on the map; specific place found; destination set; geographic point; let us meet here; fixed location mark; tracking the spot; found the area; pin; location; mark; here; map; place; destination; point; meet; fixed; tracking; spot; area; pushpin; location mark; i'm here; map pin; specific place; destination point; geo point; meet here; fixed mark; tracking spot; found area; location pin; mark here; map mark; specific point; destination mark; geo mark; meet point; fixed point; tracking mark; found spot; location point; mark point; map point; specific spot; destination spot; geo spot
🍕,Pizza,i am hungry for italian; slice of cheesy pepperoni; triangle of dough and cheese; junk food for dinner; ordering a large pie; cheesy crust pizza; food for a party; delicious melted cheese; favorite fast food; tomato sauce and crust; pizza; italian; slice; cheesy; pepperoni; triangle; dough; cheese; junk; dinner; ordering; pie; crust; party; delicious; favorite; fast; food; tomato; sauce; pizza slice; italian food; cheesy pizza; pepperoni pizza; triangle pizza; dough pizza; cheese pizza; junk food; dinner pizza; ordering pizza; pie pizza; crust pizza; party pizza; delicious pizza; favorite pizza; fast food; tomato pizza; sauce pizza; pizza pie; italian pizza
🚀,Rocket,going to the moon; fast growth and progress; space travel ship; launching a new project; taking off into the sky; high speed travel; blast off to space; skyrocketing results; ambitious goals; engine power start; rocket; moon; growth; progress; space; travel; ship; launch; project; sky; speed; blast; results; ambitious; engine; power; start; rocket ship; moon launch; fast growth; space travel; launch project; sky high; speed travel; blast off; high results; ambitious start; engine start; power start; rocket launch; moon travel; growth progress; space ship; launch sky; speed sky; blast space; results start; ambitious power; engine power; power launch
😴,Sleeping Face,i am so tired today; time to go to bed; snoring while resting; feeling very sleepy; drifting off to sleep; long day need nap; dreaming in bed; quiet and resting; midnight slumber; exhausted and out; sleeping; tired; bed; snoring; resting; sleepy; drifting; sleep; day; nap; dreaming; quiet; midnight; slumber; exhausted; sleeping face; so tired; go to bed; snoring resting; very sleepy; drifting sleep; long day; need nap; dreaming bed; quiet resting; midnight sleep; exhausted out; sleep face; tired face; bed face; snoring face; resting face; sleepy face; drifting face; day face; nap face; dreaming face; quiet face; midnight face; slumber face
🌈,Rainbow,colorful sky arc; hope and pride; beautiful nature colors; after the rain; bright and happy; luck and magic; variety and diversity; symbol of peace; vibrant color spectrum; a sign of wonder; rainbow; colorful; sky; arc; hope; pride; nature; colors; rain; bright; happy; luck; magic; variety; diversity; peace; vibrant; color; spectrum; wonder; rainbow arc; colorful sky; hope pride; nature colors; after rain; bright happy; luck magic; variety diversity; peace symbol; vibrant color; color spectrum; wonder sign; rainbow sky; colorful colors; hope sign; nature arc; after storm; bright light; luck sign; magic arc
🍔,Hamburger,juicy beef burger; fast food meal; bun with sesame seeds; lunch time cravings; cheeseburger with fries; classic american food; grilled meat patty; tasty sandwich; dinner to go; hungry for meat; hamburger; burger; beef; meal; bun; seeds; lunch; cravings; cheeseburger; fries; american; grilled; patty; tasty; sandwich; dinner; hungry; meat; juicy burger; fast meal; sesame bun; lunch craving; cheese burger; american food; meat patty; tasty burger; dinner burger; hungry burger; beef burger; meal burger; bun burger; seeds burger; lunch burger; cravings burger; fries burger; american burger; grilled burger; patty burger; sandwich burger; meat burger
🍦,Soft Serve,cold vanilla dessert; ice cream cone; sweet summer treat; frozen dairy swirl; cooling down with sugar; delicious soft cream; snack at the beach; treat for kids; melting in the sun; white cream swirl; soft serve; ice cream; vanilla; dessert; cone; sweet; summer; treat; frozen; dairy; swirl; cooling; sugar; delicious; soft; cream; snack; beach; kids; melting; sun; white; soft ice; vanilla ice; sweet treat; summer treat; frozen treat; dairy treat; sugar treat; soft cream; beach snack; kids treat; sun melting; white swirl; ice dessert; vanilla dessert; sweet dessert; summer dessert; frozen dessert; dairy dessert
🏀,Basketball,playing a hoop game; orange sports ball; dunking on the net; court and jersey; bouncing the ball; professional athlete life; dribbling the rock; team sports fun; game day excitement; scoring three points; basketball; hoop; game; orange; sports; ball; dunking; net; court; jersey; bouncing; athlete; life; dribbling; rock; team; fun; day; excitement; scoring; points; basketball game; hoop game; orange ball; sports ball; net ball; court ball; jersey ball; bouncing ball; athlete life; dribbling ball; team game; team fun; day excitement; scoring points; basketball hoop; basketball orange; basketball sports; basketball net; basketball court
🎸,Guitar,playing rock music; acoustic string instrument; electric guitar solo; musician at work; strumming the chords; band rehearsal time; loud music vibes; making a song; talented guitar player; concert on stage; guitar; rock; music; acoustic; string; instrument; electric; solo; musician; work; strumming; chords; band; rehearsal; time; loud; song; talented; player; concert; stage; playing guitar; rock music; guitar music; acoustic guitar; string guitar; electric guitar; guitar solo; musician work; guitar work; strumming guitar; guitar chords; band guitar; rehearsal guitar; guitar time; loud guitar; guitar song; guitar player; concert guitar; stage guitar
💻,Laptop,working on computer; software developer life; typing on keyboard; remote work office; technology and internet; browsing the web; laptop screen open; online business tasks; tech hardware device; coding all night; laptop; computer; software; developer; life; typing; keyboard; remote; office; technology; internet; browsing; web; screen; business; tasks; tech; hardware; device; coding; working laptop; software laptop; developer laptop; keyboard laptop; remote laptop; office laptop; tech laptop; internet laptop; web laptop; screen laptop; business laptop; hardware laptop; device laptop; coding laptop; computer laptop; typing laptop; browsing laptop; software life; developer life; keyboard typing
📸,Camera with Flash,taking a picture; photography hobby; capturing the moment; bright flash light; lens and shutter; memories in photos; professional photographer; smile for camera; snapping a shot; visual arts work; camera; flash; picture; photography; hobby; capturing; moment; bright; light; lens; shutter; memories; photos; photographer; smile; snapping; shot; visual; arts; work; camera flash; taking picture; photo hobby; moment capture; flash light; lens shutter; photo memories; pro photographer; camera smile; photo shot; visual arts; camera work; camera photo; flash camera; bright camera; light camera; lens camera; shutter camera; photo camera; smile camera
✈️,Airplane,flying on vacation; traveling by air; passenger jet plane; airport and runway; taking a flight; sky high travel; departing on trip; international flight; pilot and cabin; soaring in clouds; airplane; flying; vacation; traveling; air; passenger; jet; plane; airport; runway; flight; sky; travel; departing; trip; international; pilot; cabin; soaring; clouds; flying airplane; vacation flight; air travel; jet plane; airport runway; sky travel; trip flight; international travel; pilot cabin; soaring clouds; airplane flight; flying flight; traveling flight; air flight; jet flight; plane flight; sky flight; trip airplane; international airplane; soaring airplane
💡,Light Bulb,i have an idea; bright light shining; symbol of creativity; smart thinking moment; electric glass bulb; shining light source; brilliant mental spark; new invention plan; glowing yellow light; finding a solution; bulb; light; idea; bright; shining; symbol; creativity; smart; thinking; moment; electric; glass; source; brilliant; spark; invention; plan; glowing; yellow; solution; light bulb; bright bulb; idea bulb; shining bulb; symbol bulb; creativity bulb; smart bulb; thinking bulb; moment bulb; electric bulb; glass bulb; source bulb; brilliant bulb; spark bulb; invention bulb; plan bulb; glowing bulb; yellow bulb; solution bulb; light idea
💰,Money Bag,rich and wealthy; bag of cash; financial success; making lots of money; bank and currency; profit and earnings; dollar sign bag; wealth and prosperity; hitting the jackpot; saving up coins; money; bag; rich; wealthy; cash; financial; success; bank; currency; profit; earnings; dollar; wealth; prosperity; jackpot; coins; money bag; rich bag; wealthy bag; cash bag; financial bag; success bag; bank bag; currency bag; profit bag; earnings bag; dollar bag; wealth bag; prosperity bag; jackpot bag; coins bag; money cash; money wealth; money success; money bank; money profit; money dollar; money jackpot; money coins
🎁,Wrapped Gift,opening a present; surprise for you; birthday gift box; holiday season giving; wrapped with a ribbon; generous gesture; special delivery; reward for success; celebratory package; thoughtful offering; gift; wrapped; present; surprise; birthday; box; holiday; season; ribbon; gesture; delivery; reward; celebratory; package; offering; wrapped gift; gift box; gift present; gift surprise; gift birthday; gift holiday; gift ribbon; gift gesture; gift delivery; gift reward; gift package; gift offering; gift season; surprise gift; birthday gift; holiday gift; ribbon gift; gesture gift; delivery gift; reward gift; package gift; offering gift; present gift; wrapped present; wrapped box
🍎,Red Apple,healthy fruit snack; teacher's pet gift; crunchy red skin; vitamins and fiber; forbidden fruit story; fresh from orchard; shiny fruit surface; healthy eating habits; classic garden fruit; apple a day; apple; red; healthy; fruit; snack; teacher; pet; skin; vitamins; fiber; forbidden; story; orchard; surface; eating; habits; garden; red apple; healthy apple; fruit apple; snack apple; teacher apple; skin apple; orchard apple; surface apple; garden apple; apple snack; apple fruit; apple healthy; apple red; apple skin; apple orchard; apple surface; apple garden; apple eating; apple habits; apple teacher; apple pet; apple story; apple fiber
🐶,Dog Face,cute puppy ears; man's best friend; loyal pet animal; barking and playing; golden retriever face; furry animal companion; domestic dog breed; friendly pet face; love for animals; wagging tail friend; dog; puppy; ears; man; friend; loyal; pet; animal; barking; playing; face; furry; companion; breed; friendly; dog face; puppy face; pet dog; animal dog; barking dog; playing dog; furry dog; breed dog; friendly dog; dog puppy; dog pet; dog animal; dog friend; dog loyal; dog furry; dog companion; dog breed; dog friendly; puppy dog; pet puppy; animal puppy; friend puppy; loyal puppy; furry puppy; breed puppy
🐱,Cat Face,fluffy kitten whiskers; independent pet animal; meowing for food; curious feline face; soft fur pet; cat lover vibes; domestic cat head; playful kitty; animal with claws; pointy cat ears; cat; kitten; whiskers; animal; meowing; food; curious; feline; face; fur; pet; lover; head; kitty; claws; ears; cat face; kitten face; pet cat; animal cat; meowing cat; curious cat; feline cat; kitty cat; ears cat; cat kitten; cat pet; cat animal; cat feline; cat kitty; kitten cat; pet kitten; animal kitten; curious kitten; feline kitten; kitty kitten; cat fur; kitten fur; cat whiskers; kitten whiskers
🌍,Globe Showing Europe-Africa,our planet earth; global world view; environment and nature; international news; travel around world; spinning blue marble; geography and maps; earth from space; saving the planet; global community; globe; earth; planet; world; view; environment; nature; international; news; travel; spinning; marble; geography; maps; space; saving; community; globe earth; world globe; globe view; nature globe; news globe; travel globe; geography globe; space globe; community globe; earth globe; planet globe; world earth; environment earth; nature earth; international earth; news earth; travel earth; geography earth; space earth; community earth; saving earth
☀️,Sun,bright sunny day; hot summer heat; shining yellow star; clear blue sky; solar energy source; morning sunrise glow; warmth and light; desert sun rays; beautiful daylight; outdoor weather; sun; sunny; bright; hot; summer; heat; shining; yellow; star; sky; solar; energy; morning; sunrise; glow; warmth; light; desert; rays; daylight; weather; outdoor; bright sun; hot sun; summer sun; shining sun; yellow sun; morning sun; sunrise sun; warmth sun; light sun; desert sun; daylight sun; weather sun; outdoor sun; sunny day; sunny sky; sunny weather; sunny summer; sunny morning; bright sky
🌧️,Cloud with Rain,cold rainy weather; falling water drops; gloomy wet day; storm and clouds; umbrella needed now; raining outside; water for plants; sad weather vibes; grey sky rain; pouring from clouds; rain; cloud; rainy; weather; falling; drops; gloomy; wet; day; storm; umbrella; outside; water; plants; sad; vibes; sky; pouring; rain cloud; rainy weather; falling rain; wet rain; storm rain; umbrella rain; outside rain; water rain; sad rain; sky rain; pouring rain; rain drop; rainy cloud; wet cloud; storm cloud; sky cloud; rain weather; rainy day; wet day; storm weather; rainy sky
❄️,Snowflake,cold winter weather; ice crystal shape; falling white snow; frozen water flake; winter wonderland; delicate ice design; chilly outdoor temp; skiing and skating; unique snow pattern; freezing cold air; snowflake; snow; winter; weather; ice; crystal; falling; white; frozen; water; flake; wonderland; delicate; design; chilly; outdoor; temp; skiing; skating; unique; pattern; freezing; air; cold snow; winter snow; white snow; frozen snow; water snow; flake snow; ice snowflake; crystal snowflake; falling snowflake; white snowflake; frozen snowflake; water snowflake; flake snowflake; winter snowflake; cold snowflake; snow flake; snowflake ice; snowflake crystal
🏠,House,living at home; building for family; residential property; safe and cozy; architecture and roof; my sweet home; neighborhood living; real estate asset; indoor living space; place of rest; house; home; living; building; family; residential; property; safe; cozy; architecture; roof; neighborhood; estate; asset; indoor; space; rest; house home; home house; living house; building house; family house; property house; safe house; cozy house; roof house; asset house; indoor house; space house; rest house; house building; house family; house property; house roof; house space; living home; family home; property home; roof home; space home
🚗,Automobile,driving a car; transport on road; personal red vehicle; traffic and commute; travel by motor; wheels and engine; steering the wheel; four door sedan; daily driving; garage parked car; car; automobile; driving; transport; road; vehicle; traffic; commute; travel; motor; wheels; engine; steering; sedan; garage; automobile car; driving car; transport car; road car; vehicle car; traffic car; commute car; travel car; motor car; engine car; sedan car; garage car; car driving; car transport; car road; car vehicle; car traffic; car commute; car travel; car motor; car engine; car sedan; car garage; red car; fast car
⌚,Watch,checking the time; wrist watch device; punctuality and schedule; seconds and minutes; ticking time piece; smart watch tech; keeping on track; formal wrist wear; time is ticking; daily accessory; watch; time; wrist; device; punctuality; schedule; seconds; minutes; ticking; smart; track; formal; wear; accessory; wrist watch; time watch; watch device; smart watch; watch time; watch wrist; watch seconds; watch minutes; watch ticking; watch smart; watch formal; watch accessory; watch track; ticking watch; formal watch; smart device; time device; wrist device; daily watch; checking watch; punctuality watch; schedule watch; seconds watch; minutes watch; track watch; ticking time
🔑,Key,unlocking the door; metal door key; security and access; key to success; finding the answer; opening a lock; house key set; symbolic metal key; secret to life; entering the building; key; door; unlocking; metal; security; access; success; answer; opening; lock; house; symbolic; secret; building; house key; door key; metal key; success key; answer key; secret key; building key; key door; key metal; key security; key access; key success; key answer; key opening; key lock; key house; key secret; key building; unlocking key; metal key; security key; access key; success key; opening key; lock key; house key
🔒,Locked,secure and private; closed padlock; restricted access; protection and safety; digital security; privacy is on; firmly shut lock; heavy metal bolt; keeping things safe; login required; locked; secure; private; padlock; restricted; access; protection; safety; digital; security; privacy; shut; lock; bolt; safe; login; locked door; locked lock; secure lock; private lock; padlock lock; restricted lock; access lock; protection lock; safety lock; digital lock; security lock; privacy lock; shut lock; bolt lock; safe lock; login lock; locked secure; locked private; locked padlock; locked restricted; locked access; locked security; locked privacy; locked safe
🔔,Bell,ringing for attention; notification sound; classic metal bell; alert and alarm; school bell ring; dinner is ready; sound of music; golden bell shape; calling the crowd; hearing the chime; bell; ring; attention; notification; sound; classic; metal; alert; alarm; school; dinner; music; golden; shape; crowd; chime; bell ring; attention bell; notification bell; sound bell; classic bell; metal bell; alert bell; alarm bell; school bell; dinner bell; music bell; golden bell; shape bell; crowd bell; chime bell; bell sound; bell alert; bell alarm; bell school; bell dinner; bell music; bell golden; bell shape; bell chime
🍺,Beer Mug,drinking cold beer; glass of ale; bar and pub; celebration with alcohol; frothy beer foam; cheers with friends; social drinking time; craft beer taste; cold lager mug; weekend party drink; beer; mug; cold; drink; glass; ale; bar; pub; celebration; alcohol; foam; cheers; friends; social; time; craft; taste; lager; party; weekend; beer mug; cold beer; beer drink; glass beer; ale beer; bar beer; pub beer; alcohol beer; foam beer; cheers beer; friends beer; social beer; craft beer; taste beer; lager beer; party beer; weekend beer; mug beer; drinking beer; beer glass
🍷,Wine Glass,red wine drink; elegant dinner party; vineyard and grapes; glass of merlot; romantic evening toast; fine dining spirit; sophisticated drink; pouring the wine; relaxing with alcohol; deep red liquid; wine; glass; red; drink; dinner; party; vineyard; grapes; merlot; toast; dining; spirit; drink; wine glass; red wine; wine drink; dinner wine; party wine; vineyard wine; grapes wine; merlot wine; toast wine; dining wine; spirit wine; wine party; wine dinner; wine grapes; wine toast; glass wine; red glass; wine red; wine merit; wine sophisticated; wine liquid; drink wine; alcohol wine; wine alcohol; wine relax; relax wine; red wine glass
☕,Hot Beverage,drinking hot coffee; morning tea cup; steam rising up; caffeine boost; cozy drink time; mug of cocoa; warm liquid drink; breakfast beverage; relaxing with tea; hot drink break; coffee; tea; hot; drink; cup; steam; caffeine; boost; cozy; mug; cocoa; warm; liquid; breakfast; beverage; relax; coffee hot; tea hot; hot coffee; hot tea; hot drink; cup hot; steam hot; caffeine hot; boost hot; cozy hot; mug hot; cocoa hot; warm hot; liquid hot; breakfast hot; beverage hot; relax hot; drink coffee; drink tea; drink mug; drink cup; drink cocoa; drink beverage
🥪,Sandwich,sliced bread meal; lunch deli sandwich; ham and cheese; snack on go; healthy bread layers; food for picnic; toasted bread slices; prepared cold meal; layered food item; quick tasty lunch; sandwich; bread; slice; meal; lunch; deli; ham; cheese; snack; picnic; toast; cold; food; item; quick; tasty; sandwich bread; bread sandwich; slice sandwich; meal sandwich; lunch sandwich; deli sandwich; ham sandwich; cheese sandwich; snack sandwich; picnic sandwich; toast sandwich; cold sandwich; food sandwich; item sandwich; quick sandwich; tasty sandwich; sandwich meal; sandwich lunch; sandwich ham; sandwich cheese
🥗,Green Salad,healthy vegetable bowl; lettuce and spinach; vegan meal option; eating fresh greens; diet food choice; salad with dressing; nutritious plant bowl; raw vegetable mix; clean eating lifestyle; bowl of health; salad; green; healthy; vegetable; bowl; lettuce; spinach; vegan; meal; greens; diet; food; dressing; plant; raw; health; green salad; healthy salad; vegetable salad; bowl salad; lettuce salad; spinach salad; vegan salad; meal salad; greens salad; diet salad; food salad; dressing salad; plant salad; raw salad; health salad; salad bowl; salad green; salad vegetable; salad lettuce; salad vegan
🍰,Shortcake,slice of cake; strawberry and cream; sweet dessert treat; piece of pastry; celebrating with sweets; fluffy baked cake; layer of berries; bakery fresh cake; delicious sugar treat; party food slice; cake; slice; strawberry; cream; sweet; dessert; treat; piece; pastry; sweets; fluffy; baked; berries; bakery; sugar; party; food; cake slice; strawberry cake; cream cake; sweet cake; dessert cake; treat cake; pastry cake; sweets cake; fluffy cake; baked cake; berries cake; bakery cake; sugar cake; party cake; food cake; cake sweet; cake dessert; cake piece; cake bakery; cake party
⚽,Soccer Ball,playing football match; black white ball; world cup sport; kicking the ball; team athletic game; field and goals; professional soccer; sports equipment; exercise and fun; global popular sport; soccer; ball; football; match; black; white; world; cup; sport; kicking; team; game; field; goals; professional; sports; exercise; fun; global; soccer ball; football ball; match ball; black ball; white ball; world ball; cup ball; sport ball; kicking ball; team ball; game ball; field ball; goals ball; soccer match; soccer team; soccer game; soccer field; soccer goals; soccer sport; soccer world
🎾,Tennis,yellow fuzzy ball; racket and court; playing a match; serve and volley; professional tennis tour; sports exercise; hitting the ball; net and baseline; grand slam game; athletic hobby; tennis; ball; yellow; fuzzy; racket; court; match; serve; volley; tour; sports; exercise; hitting; net; baseline; game; grand; slam; hobby; tennis ball; tennis racket; tennis court; tennis match; tennis serve; tennis volley; tennis tour; tennis sports; tennis game; tennis hobby; yellow ball; fuzzy ball; racket court; racket ball; court ball; match tennis; serve tennis; volley tennis; game tennis; slam tennis
🚲,Bicycle,riding a bike; cycling for health; two wheel transport; pedaling on road; outdoor exercise; eco friendly travel; bike path ride; mountain or road; human powered vehicle; wheels and gears; bike; bicycle; riding; cycling; health; transport; road; outdoor; exercise; travel; path; mountain; vehicle; wheels; gears; bike ride; bike cycling; bike health; bike transport; bike road; bike outdoor; bike exercise; bike travel; bike path; bike mountain; bike vehicle; bike wheels; riding bike; cycling bike; road bike; mountain bike; travel bike; exercise bike; health bike; transport bike; outdoor bike; path bike
🚂,Locomotive,old steam train; railway transport; engine on tracks; historical travel; smoke from funnel; heavy metal train; long distance rail; moving on iron; transport history; freight and passengers; train; locomotive; steam; railway; transport; engine; tracks; historical; travel; smoke; funnel; metal; rail; iron; history; freight; passengers; steam train; railway train; engine train; tracks train; travel train; metal train; rail train; history train; train steam; train engine; train tracks; train rail; train history; locomotive train; locomotive steam; locomotive engine; locomotive railway; locomotive travel; engine locomotive; steam locomotive; railway locomotive
🛳️,Passenger Ship,sailing on ocean; luxury cruise ship; travel by sea; large boat deck; water transport; vacation on water; maritime vessel; giant ship hull; floating hotel; crossing the sea; ship; boat; passenger; sailing; ocean; luxury; cruise; travel; deck; water; transport; vacation; maritime; vessel; hull; hotel; sea; ship boat; ship passenger; ship sailing; ship ocean; ship luxury; ship cruise; ship travel; ship water; ship transport; ship vacation; ship sea; boat ship; boat passenger; boat sailing; boat ocean; boat cruise; boat travel; boat water; boat transport; boat vacation; boat sea
📱,Mobile Phone,using a smartphone; digital communication; touch screen device; calling and texting; modern technology; handheld computer; social media tool; mobile app usage; electronic gadget; pocket phone; phone; mobile; smartphone; digital; device; calling; texting; modern; technology; computer; tool; app; usage; gadget; pocket; mobile phone; smartphone phone; digital phone; device phone; modern phone; technology phone; computer phone; tool phone; app phone; gadget phone; pocket phone; phone mobile; phone digital; phone device; phone modern; phone technology; phone computer; phone app; phone gadget; smartphone mobile; digital mobile
🔋,Battery,power and energy; electrical storage; charging the device; low battery life; full energy cell; portable power; alkaline battery; electronic energy; rechargeable source; green energy bar; battery; power; energy; electrical; storage; charging; device; life; cell; portable; alkaline; electronic; rechargeable; source; green; bar; battery power; battery energy; battery life; battery cell; battery device; battery storage; battery charging; power battery; energy battery; life battery; cell battery; device battery; storage battery; charging battery; battery electronic; battery portable; battery source; rechargeable battery; alkaline battery; green battery
🔌,Electric Plug,connecting to power; electrical outlet; wall plug wire; charging cable; electricity source; energy connection; powering the machine; hardware cord; socket and plug; turning it on; plug; electric; power; outlet; wall; wire; charging; cable; electricity; source; energy; connection; machine; hardware; cord; socket; electric plug; power plug; outlet plug; wall plug; wire plug; charging plug; cable plug; electricity plug; source plug; energy plug; connection plug; hardware plug; cord plug; socket plug; plug electric; plug power; plug outlet; plug wire; plug cable; plug hardware; plug cord
🔨,Hammer,building with tools; metal hammer head; driving a nail; construction work; repair and fix; wood working tool; heavy hand tool; renovation project; tool for home; manual labor; hammer; tool; building; metal; head; nail; construction; work; repair; fix; wood; hand; renovation; project; home; labor; hammer tool; building hammer; metal hammer; nail hammer; construction hammer; work hammer; repair hammer; fix hammer; wood hammer; hand hammer; home hammer; hammer head; hammer nail; hammer metal; hammer construction; hammer wood; hammer work; hammer home; hammer renovation; tool hammer; metal head
✂️,Scissors,cutting paper; sharp metal blades; sewing and craft; haircutting tool; office supplies; snipping with tool; tailoring clothes; creative hobby; school project tool; pair of shears; scissors; cutting; paper; sharp; metal; blades; sewing; craft; tool; office; supplies; snipping; tailoring; hobby; project; shears; cutting scissors; paper scissors; metal scissors; sharp scissors; sewing scissors; craft scissors; office scissors; project scissors; scissors paper; scissors metal; scissors sharp; scissors cutting; scissors tool; scissors craft; sharp blades; metal blades; cutting paper; sewing tool; craft tool; office tool; hobby tool; project tool; pair scissors
💊,Pill,taking medicine; medical capsule; health and wellness; prescription drug; pharmacy item; doctor's advice; chemical medicine; small drug pill; feeling better soon; healthcare treatment; pill; medicine; medical; capsule; health; wellness; drug; pharmacy; advice; chemical; small; treatment; pill medicine; medical pill; capsule pill; health pill; drug pill; pharmacy pill; treatment pill; medicine pill; pill capsule; pill drug; pill medical; pill health; pill pharmacy; pill treatment; medical capsule; health wellness; pharmacy item; drug capsule; medicine capsule; medical treatment; health treatment; small pill; drug treatment; pill pharmacy; pill healthcare; prescription pill; advice pill
🎈,Balloon,floating party decoration; air filled balloon; red round shape; child's birthday; flying in air; celebration symbol; festive rubber toy; light and airy; party supply; string and balloon; balloon; party; decoration; air; red; round; shape; child; birthday; flying; celebration; symbol; festive; rubber; toy; light; supply; string; balloon party; party balloon; air balloon; red balloon; shape balloon; child balloon; birthday balloon; flying balloon; celebration balloon; symbol balloon; festive balloon; toy balloon; light balloon; string balloon; decoration balloon; balloon air; balloon red; balloon shape; balloon birthday; balloon flying; balloon symbol
🕯️,Candle,burning wax light; soft candle flame; romantic lighting; religious vigil; scent and aroma; melting candle wax; warm glowing light; emergency light; old fashioned lamp; peaceful ambiance; candle; light; wax; flame; soft; romantic; religious; vigil; scent; aroma; melting; warm; glowing; emergency; lamp; peaceful; ambiance; candle light; wax candle; flame candle; soft candle; romantic candle; melting candle; warm candle; glowing candle; light candle; candle wax; candle flame; candle melting; candle warm; candle glow; candle lamp; candle romantic; candle peaceful; burning candle; light wax; soft flame; warm light; glow light
📚,Books,stack of reading; library and study; learning and education; hardback book covers; knowledge source; student life; piles of literature; academic research; love for reading; school supplies; books; reading; library; study; learning; education; hardback; covers; knowledge; source; student; life; literature; research; supplies; books reading; reading books; library books; study books; learning books; education books; knowledge books; student books; research books; books library; books study; books education; books knowledge; books student; books research; stack books; piles books; school books; read books; learn books; books learn; books stack; books piles
✏️,Pencil,writing and drawing; graphite lead tip; yellow wooden pencil; sketching a draft; school stationary; erasable writing tool; creative art tool; taking notes; office supply; hand writing; pencil; writing; drawing; graphite; lead; tip; yellow; wooden; sketching; draft; school; tool; creative; art; notes; office; hand; writing pencil; drawing pencil; yellow pencil; wooden pencil; school pencil; art pencil; tool pencil; office pencil; pencil writing; pencil drawing; pencil school; pencil tool; pencil art; pencil office; pencil yellow; pencil wooden; pencil graphite; pencil lead; graphite pencil; lead pencil; yellow wood
📏,Straight Ruler,measuring length; school math tool; straight edge line; inches and cm; drawing accurate lines; construction measure; geometry class; plastic or wood; precision tool; measurement scale; ruler; straight; measuring; length; school; math; tool; edge; line; inches; cm; drawing; construction; geometry; plastic; wood; precision; scale; ruler tool; straight ruler; measuring ruler; school ruler; math ruler; edge ruler; line ruler; drawing ruler; construction ruler; geometry ruler; precision ruler; ruler school; ruler tool; ruler math; ruler length; ruler straight; ruler drawing; ruler construction; ruler geometry; measurement ruler
🔬,Microscope,scientific research; looking at cells; biology lab tool; magnification lens; discovery and study; medical testing; small detail view; laboratory equipment; science project; expert analysis; microscope; science; research; cells; biology; lab; tool; lens; discovery; study; medical; testing; laboratory; equipment; project; analysis; microscope science; science microscope; research microscope; biology microscope; lab microscope; tool microscope; lens microscope; study microscope; medical microscope; testing microscope; microscope lab; microscope tool; microscope lens; microscope research; microscope study; microscope biology; microscope medical; microscope project
🔭,Telescope,looking at stars; astronomy hobby; outer space view; night sky lens; planet watching; distant object view; observatory tool; science of stars; lens and tripod; sky exploration; telescope; stars; astronomy; hobby; space; view; sky; lens; planet; object; observatory; tool; science; tripod; exploration; telescope stars; stars telescope; astronomy telescope; space telescope; sky telescope; planet telescope; lens telescope; tool telescope; exploration telescope; telescope astronomy; telescope sky; telescope planet; telescope lens; telescope tool; telescope exploration; telescope stars; sky watch; stars watch; planet watch
🧬,DNA,genetic code; biological helix; science and life; hereditary traits; molecule structure; research medicine; ancestry and genes; life sciences; complex spiral; double helix; dna; genetic; code; biological; helix; science; life; traits; molecule; structure; research; medicine; ancestry; genes; spiral; double; dna science; science dna; genetic dna; code dna; helix dna; molecule dna; structure dna; genes dna; research dna; medicine dna; dna genetic; dna code; dna helix; dna molecule; dna structure; dna genes; dna spiral; double helix dna; biological dna; medical dna; ancestry dna; research science
🧪,Test Tube,chemistry experiment; laboratory glass; liquid chemicals; scientific testing; mixing solutions; science class; medical research; clear glass tube; chemical reaction; lab worker; tube; test; chemistry; experiment; laboratory; glass; liquid; chemicals; testing; mixing; solutions; science; medical; research; reaction; lab; test tube; chemistry tube; experiment tube; laboratory tube; glass tube; liquid tube; chemicals tube; testing tube; science tube; medical tube; research tube; tube chemistry; tube laboratory; tube science; tube medical; tube research; tube testing; tube glass; tube liquid; tube experiment; test chemistry
🌡️,Thermometer,measuring temperature; fever and health; weather heat; glass tube measure; degree of heat; medical checkup; cold or hot; mercury or digital; sensing the temp; climate tool; thermometer; temperature; measuring; fever; health; weather; heat; glass; tube; degree; medical; cold; hot; mercury; digital; sensing; climate; tool; temperature thermometer; fever thermometer; health thermometer; weather thermometer; heat thermometer; medical thermometer; cold thermometer; hot thermometer; digital thermometer; climate thermometer; thermometer temperature; thermometer weather; thermometer medical; thermometer digital; thermometer heat
🧹,Broom,cleaning the floor; sweeping up dust; wooden handle; household chore; bristles and dirt; tidy up house; witch's flight; manual cleaning; sweeping the room; cleaning tool; broom; cleaning; floor; sweeping; dust; wooden; handle; chore; bristles; dirt; tidy; house; witch; flight; manual; room; tool; broom cleaning; cleaning broom; sweeping broom; dust broom; floor broom; wood broom; handle broom; house broom; witch broom; tool broom; broom floor; broom sweeping; broom dust; broom wood; broom house; broom tool; broom manual; broom witch; sweep floor; sweep room; clean floor
🧺,Basket,woven storage; laundry basket; picnic food carrier; organizing home; wicker material; carrying items; shopping basket; farm harvest; holding goods; handle and weave; basket; storage; laundry; picnic; food; carrier; organizing; home; wicker; material; carrying; items; shopping; farm; harvest; goods; handle; weave; basket laundry; laundry basket; picnic basket; food basket; organizing basket; home basket; wicker basket; shopping basket; farm basket; harvest basket; basket food; basket home; basket storage; basket laundry; basket picnic; basket wicker; basket shopping; basket farm
🧼,Soap,washing hands; bubbles and foam; cleaning with water; hygiene product; bar of soap; slippery and wet; bathroom supply; staying clean; scented soap; germ killer; soap; washing; hands; bubbles; foam; cleaning; water; hygiene; bar; slippery; wet; bathroom; supply; clean; scented; germ; killer; soap wash; washing soap; hands soap; bubbles soap; foam soap; cleaning soap; water soap; hygiene soap; bar soap; bathroom soap; clean soap; soap bubbles; soap foam; soap water; soap hygiene; soap bar; soap bathroom; soap clean; soap washing; soap hands; liquid soap; hand soap
🪒,Razor,shaving facial hair; sharp blade tool; personal grooming; barber shop; smooth skin; cutting hair; metal safety razor; bathroom accessory; grooming routine; sharp edge; razor; shaving; hair; sharp; blade; tool; grooming; barber; shop; smooth; skin; cutting; metal; safety; bathroom; accessory; routine; edge; razor shaving; shaving razor; hair razor; sharp razor; blade razor; tool razor; grooming razor; barber razor; safety razor; razor blade; razor sharp; razor hair; razor tool; razor barber; razor grooming; razor safety; razor bathroom; sharp blade; shave hair; shave face; grooming tool
🚪,Door,entering the room; wooden door frame; portal to house; opening or closing; privacy and entry; exit sign; handle and hinges; indoor entrance; passage way; barrier or gate; door; room; wooden; frame; portal; house; opening; closing; privacy; entry; exit; sign; handle; hinges; indoor; entrance; passage; gate; door room; door house; door opening; door closing; door exit; door entry; door frame; door handle; house door; room door; wooden door; exit door; entry door; entrance door; open door; closed door; door sign; door hinges; door passage; door gate; portal door
🛏️,Bed,sleeping at night; furniture for rest; mattress and pillow; bedroom item; lying down; soft bed sheets; dreaming in bed; comfortable sleep; place to rest; furniture set; bed; sleeping; night; furniture; rest; mattress; pillow; bedroom; item; lying; soft; sheets; dreaming; sleep; bed sleep; sleeping bed; night bed; rest bed; mattress bed; pillow bed; bedroom bed; bed mattress; bed pillow; bed sheets; bed sleep; bed dreaming; bed bedroom; bed furniture; bed rest; bed night; soft bed; cozy bed; sleep tight; go to bed; bed time; bed mattress; bed pillow; bedroom furniture; rest sleep
🛋️,Couch and Lamp,sitting in livingroom; comfortable sofa; relaxing at home; interior design; home decor; watching tv; soft cushions; lounge furniture; reading light; cozy corner; couch; sofa; sitting; livingroom; comfortable; relaxing; home; design; decor; tv; cushions; lounge; furniture; light; corner; couch sofa; sofa couch; sitting couch; livingroom couch; relaxing couch; home couch; design couch; decor couch; furniture couch; cushions couch; lounge couch; couch livingroom; couch home; couch relaxing; couch design; couch furniture; couch sitting; sofa relaxing; sofa livingroom; sofa home; lamp couch
🚽,Toilet,bathroom fixture; plumbing and water; restroom facility; porcelain seat; daily hygiene; household item; flushing water; sanitation; toilet bowl; private room; toilet; bathroom; plumbing; water; restroom; facility; porcelain; seat; hygiene; item; flushing; sanitation; bowl; room; toilet bathroom; toilet water; toilet restroom; toilet seat; toilet hygiene; toilet flushing; toilet bowl; toilet sanitation; bathroom toilet; restroom toilet; seat toilet; flushing toilet; bowl toilet; sanitation toilet; toilet plumbing; porcelain toilet; hygiene toilet; water toilet; toilet facility; toilet item; flushing water
🚿,Shower,washing body; falling water drops; bathroom hygiene; cleaning yourself; hot water stream; shower head; daily routine; refreshing bath; bathroom plumbing; getting wet; shower; washing; body; water; drops; bathroom; hygiene; cleaning; hot; stream; head; routine; bath; plumbing; wet; shower wash; washing shower; water shower; bathroom shower; hygiene shower; hot shower; routine shower; bath shower; wet shower; shower head; shower water; shower hot; shower bath; shower routine; shower bathroom; shower washing; shower stream; hot water shower; shower bathroom; clean shower; wash body
🛁,Bathtub,taking a bath; soaking in water; bubbles and soap; bathroom relaxation; porcelain tub; deep water wash; cleaning time; home spa; warm bath; relaxation spot; bath; bathtub; soaking; water; bubbles; soap; bathroom; relaxation; tub; wash; cleaning; spa; warm; spot; bath water; water bath; bubbles bath; soap bath; bathroom bath; relaxation bath; tub bath; wash bath; cleaning bath; warm bath; bathtub water; bathtub bubbles; bathtub soap; bathtub bathroom; bathtub tub; bathtub wash; bath soak; soaking bath; bubble bath; soap bath; water soak; warm water bath; clean bath
🧸,Teddy Bear,soft toy bear; child's plushie; cuddly stuffed animal; nursery decor; comfort toy; brown fur bear; childhood memory; huggable toy; cute gift; soft toy; teddy; bear; toy; child; plushie; cuddly; animal; nursery; decor; comfort; brown; fur; memory; huggable; gift; teddy bear; bear teddy; toy teddy; bear toy; child teddy; plushie teddy; cuddly teddy; animal teddy; nursery teddy; brown teddy; bear child; bear toy; bear cuddly; bear brown; bear fur; cuddly toy; soft toy; plush toy; teddy toy; teddy gift; teddy cuddly; teddy brown; teddy child; teddy animal
🖼️,Framed Picture,art on wall; painting in frame; home decoration; visual art; museum piece; decorative item; hanging artwork; picture frame; artistic expression; wall decor; frame; picture; art; wall; painting; decoration; visual; museum; item; hanging; artwork; expression; decor; framed art; art frame; picture frame; wall art; painting frame; decoration frame; museum art; artwork frame; frame art; frame picture; frame wall; frame painting; picture wall; picture art; picture painting; picture decor; wall painting; wall decoration; art wall; museum piece; hanging art; decorative frame
🗺️,World Map,planning a trip; paper map; geography study; continents and oceans; navigation tool; global travel; charting a path; world view; locations and borders; explorer's tool; map; world; trip; geography; study; continents; oceans; navigation; tool; travel; path; view; locations; borders; explorer; world map; trip map; geography map; navigation map; travel map; path map; map world; map trip; map navigation; map travel; map geography; map study; map path; map view; map locations; paper map; world travel; world geography; map world; study map; explorer map
🧭,Compass,finding north; navigation instrument; hiking gear; directional tool; needle and dial; explorer's kit; orienting oneself; magnetic compass; path finding; guide for travel; compass; navigation; north; instrument; hiking; gear; directional; tool; needle; dial; explorer; orienting; magnetic; path; guide; travel; navigation compass; north compass; instrument compass; hiking compass; gear compass; directional compass; tool compass; needle compass; dial compass; compass north; compass navigation; compass tool; compass gear; compass travel; compass guide; magnetic compass; explorer compass; travel compass
🕰️,Mantelpiece Clock,antique time; living room decor; ticking clock; old fashioned; keeping time; classic timepiece; shelf ornament; mechanical clock; vintage style; hour and minute; clock; time; antique; decor; ticking; fashioned; classic; timepiece; shelf; mechanical; vintage; style; hour; minute; antique clock; ticking clock; classic clock; vintage clock; clock time; clock antique; clock ticking; clock classic; clock vintage; clock shelf; clock mechanical; clock style; time clock; ticking time; classic time; vintage time; antique time; old clock; mantel clock; shelf clock
⌛,Hourglass Done,time is up; sand glass; waiting over; period of time; ancient timer; gravity and sand; measured time; counting down; end of task; temporal symbol; hourglass; time; sand; glass; waiting; period; ancient; timer; gravity; measured; counting; end; task; symbol; sand hourglass; glass hourglass; time hourglass; timer hourglass; sand glass; hourglass sand; hourglass time; hourglass timer; hourglass end; hourglass glass; time glass; sand timer; glass timer; waiting time; end time; task time; time sand; gravity sand; ancient timer
📡,Satellite Antenna,receiving signals; space communication; dish antenna; tv broadcast; technology link; wireless data; signal transmission; modern tech; communication tower; radio waves; antenna; satellite; signals; communication; dish; space; tv; broadcast; technology; link; wireless; data; transmission; tower; waves; satellite antenna; dish antenna; signal antenna; communication antenna; space antenna; tv antenna; antenna dish; antenna signals; antenna communication; antenna satellite; antenna space; antenna link; antenna waves; satellite dish; satellite signal; satellite communication; signal data
🔦,Flashlight,light in dark; battery torch; portable lamp; beam of light; emergency light; search tool; handheld light; night light; camping gear; bright beam; flashlight; light; torch; battery; portable; lamp; beam; emergency; search; tool; handheld; night; camping; gear; bright; light flashlight; torch flashlight; beam flashlight; emergency flashlight; night flashlight; camping flashlight; flashlight light; flashlight torch; flashlight beam; flashlight battery; flashlight search; flashlight tool; flashlight handheld; flashlight camping; flashlight bright; bright light; light beam; emergency light; night light; handheld light
🏮,Red Paper Lantern,traditional lamp; festive light; asian culture; celebration decor; paper lantern; soft glow; holiday light; decorative lamp; red light; cultural symbol; lantern; red; paper; traditional; lamp; festive; light; asian; culture; celebration; decor; glow; holiday; symbol; red lantern; paper lantern; red paper; lantern red; lantern paper; lantern lamp; lantern light; lantern festive; lantern holiday; red lamp; red light; paper lamp; festive light; traditional lantern; cultural lantern; asian lantern; holiday lantern; celebration lantern; light red; red light; paper red
📂,Open File Folder,organizing papers; digital files; storage system; project documents; office work; filing system; holding data; data folder; work organization; keeping records; folder; file; open; organizing; papers; digital; storage; project; documents; office; work; filing; data; records; open folder; file folder; open file; organizing folder; digital folder; project folder; documents folder; office folder; work folder; records folder; folder open; folder file; folder papers; folder data; folder storage; file open; open papers; file records; data folder; file data; folder organization
📑,Bookmark Tabs,marking the page; organization tool; reading helper; sticky tabs; categorizing info; document tags; finding spot; library tool; study aid; tab markers; tabs; bookmark; marking; page; organization; tool; reading; helper; sticky; document; tags; library; study; markers; bookmark tabs; tab bookmark; page bookmark; tool bookmark; document bookmark; tabs bookmark; tabs page; tabs tool; tabs document; marking tabs; page marking; document organization; tool organization; organization tool; tab markers; sticky tabs; bookmark tool; bookmark page; bookmark document; study tabs; library tabs
📓,Notebook,writing notes; journal entry; student paper; daily diary; spiral bound; office supply; taking minutes; scribbling ideas; record keeping; blank pages; notebook; notes; writing; journal; student; paper; diary; spiral; office; supply; minutes; ideas; records; blank; pages; writing notebook; notes notebook; journal notebook; student notebook; paper notebook; diary notebook; office notebook; supply notebook; notebook writing; notebook notes; notebook journal; notebook paper; notebook diary; notebook office; notebook blank; journal entry; take notes; write notes; notebook pages
🖋️,Fountain Pen,ink writing; elegant pen; calligraphy tool; professional signature; metal nib; fancy stationary; writing letters; ink flow; high quality pen; artist tool; pen; fountain; ink; writing; elegant; calligraphy; tool; professional; signature; metal; nib; fancy; stationary; letters; flow; quality; artist; fountain pen; ink pen; writing pen; elegant pen; calligraphy pen; professional pen; signature pen; metal pen; fancy pen; pen ink; pen writing; pen fountain; pen elegant; pen calligraphy; pen signature; fountain ink; elegant writing; professional signature; ink flow; nib pen; pen nib