Emoji,Unicode Name,Description
🌡️,Thermometer,fever
☕,Hot Beverage,breakfast beverage
✈️,Airplane,airport
💡,Light Bulb,source bulb
💊,Pill,pill medical
😊,Smiling Face with Smiling Eyes,happy vibes
⚽,Soccer Ball,global popular sport
🔋,Battery,battery portable
🥪,Sandwich,cold sandwich
⌚,Watch,wear
🖼️,Framed Picture,framed art
😍,Smiling Face with Heart-Eyes,loving it
🔑,Key,metal key
📡,Satellite Antenna,dish
❄️,Snowflake,crystal
🏀,Basketball,jersey
🎾,Tennis,slam
🌡️,Thermometer,mercury or digital
🙏,Folded Hands,gratitude always
🔭,Telescope,lens telescope
💡,Light Bulb,symbol of creativity
📏,Straight Ruler,measuring length
❤️,Red Heart,love you forever
📑,Bookmark Tabs,reading
🕰️,Mantelpiece Clock,ticking clock
⌚,Watch,time is ticking
😴,Sleeping Face,snoring face
💡,Light Bulb,electric glass bulb
✈️,Airplane,jet plane
🗺️,World Map,borders
🖋️,Fountain Pen,metal nib
🚂,Locomotive,freight and passengers
☀️,Sun,star
🖋️,Fountain Pen,fountain
🐶,Dog Face,animal puppy
🍎,Red Apple,skin apple
🍔,Hamburger,patty burger
🤣,Rolling on the Floor Laughing,hurting from laughter
🔦,Flashlight,light in dark
💰,Money Bag,rich and wealthy
🍰,Shortcake,pastry
⚽,Soccer Ball,goals
🚀,Rocket,blast off
🎾,Tennis,grand
📸,Camera with Flash,lens camera
😂,Face with Tears of Joy,hysterical
🌍,Globe Showing Europe-Africa,planet
✨,Sparkles,shimmering in the sun
🍰,Shortcake,piece of pastry
💊,Pill,pharmacy item
✨,Sparkles,clean
📍,Round Pushpin,fixed mark
🔑,Key,key secret
💰,Money Bag,prosperity bag
🍷,Wine Glass,merlot wine
😂,Face with Tears of Joy,literally dead
😍,Smiling Face with Heart-Eyes,heart for you
📍,Round Pushpin,specific spot
💊,Pill,pill
🚲,Bicycle,riding
🔨,Hammer,construction work
🧼,Soap,hygiene product
⌚,Watch,seconds watch
🔬,Microscope,medical microscope
🧹,Broom,chore
🖼️,Framed Picture,art
🔦,Flashlight,search
🌡️,Thermometer,tube
🔑,Key,symbolic
🍺,Beer Mug,celebration
🍺,Beer Mug,drink
🍎,Red Apple,eating
😎,Smiling Face with Sunglasses,cool
🔒,Locked,digital security
📸,Camera with Flash,pro photographer
✂️,Scissors,haircutting tool
🙄,Face with Rolling Eyes,feeling impatient right now
🎈,Balloon,balloon air
📈,Chart Increasing,chart
🤣,Rolling on the Floor Laughing,completely ridiculous and funny
😍,Smiling Face with Heart-Eyes,beautiful face
💡,Light Bulb,glowing yellow light
❄️,Snowflake,cold snow
🍺,Beer Mug,craft beer
🧸,Teddy Bear,child
👍,Thumbs Up,roger that
🥗,Green Salad,vegan meal option
💀,Skull,bony
🍷,Wine Glass,dining wine
🔑,Key,answer
☕,Hot Beverage,drink cup
🙏,Folded Hands,thankful heart
⌚,Watch,track
🔬,Microscope,microscope lab
📑,Bookmark Tabs,tool organization
📏,Straight Ruler,drawing accurate lines
🚂,Locomotive,train steam
🖋️,Fountain Pen,quality
😭,Loudly Crying Face,im hurting
🏮,Red Paper Lantern,traditional
🔬,Microscope,project
🏀,Basketball,court ball
🤔,Thinking Face,what do you mean
👍,Thumbs Up,sounds perfect
🧼,Soap,liquid soap
🍰,Shortcake,delicious sugar treat
🐶,Dog Face,dog puppy
🧸,Teddy Bear,brown
🧹,Broom,broom house
😂,Face with Tears of Joy,im wheezing
🚽,Toilet,toilet hygiene
🍺,Beer Mug,party beer
🍺,Beer Mug,celebration with alcohol
🌡️,Thermometer,weather thermometer
🚲,Bicycle,bike wheels
📂,Open File Folder,storage
☕,Hot Beverage,hot
🕯️,Candle,peaceful
💀,Skull,spooky skeleton head
🌈,Rainbow,peace symbol
☕,Hot Beverage,tea
🏠,House,my sweet home
🕰️,Mantelpiece Clock,ticking time
❤️,Red Heart,kindness and love
🧭,Compass,dial compass
😴,Sleeping Face,time to go to bed
🍎,Red Apple,apple
🕯️,Candle,soft flame
😍,Smiling Face with Heart-Eyes,heart eyes only
🧭,Compass,hiking gear
🔑,Key,lock
📱,Mobile Phone,phone device
🪒,Razor,sharp blade
🚪,Door,house door
❤️,Red Heart,sweet love
📸,Camera with Flash,taking a picture
🔑,Key,key opening
🥪,Sandwich,healthy bread layers
🤣,Rolling on the Floor Laughing,ridiculous funny
🧭,Compass,compass north
🔭,Telescope,telescope tool
🎾,Tennis,tennis volley
🔥,Fire,flames of passion
🔌,Electric Plug,plug
🤡,Clown Face,colorful face
🌈,Rainbow,after storm
🧺,Basket,farm basket
❄️,Snowflake,snow flake
✂️,Scissors,paper
💔,Broken Heart,loss
🎈,Balloon,string and balloon
🏀,Basketball,basketball
😎,Smiling Face with Sunglasses,dark shades
😊,Smiling Face with Smiling Eyes,a warm friendly smile
🔑,Key,key house
✨,Sparkles,shining like a star
🍺,Beer Mug,friends beer
🔥,Fire,fire starter
🛳️,Passenger Ship,deck
🙏,Folded Hands,appreciative heart
🙏,Folded Hands,asking for a blessing
🧪,Test Tube,clear glass tube
🚪,Door,wooden
🌍,Globe Showing Europe-Africa,geography earth
🌍,Globe Showing Europe-Africa,earth from space
🧺,Basket,farm
✈️,Airplane,flying flight
✈️,Airplane,cabin
💊,Pill,healthcare treatment
🍕,Pizza,ordering
🧺,Basket,storage
🍺,Beer Mug,social
🕰️,Mantelpiece Clock,clock classic
📏,Straight Ruler,precision tool
🚿,Shower,bath
🔦,Flashlight,beam
🔑,Key,security key
🎁,Wrapped Gift,wrapped with a ribbon
💔,Broken Heart,shattered
🧺,Basket,laundry
💰,Money Bag,money jackpot
💻,Laptop,working on computer
📚,Books,piles of literature
🧬,DNA,code dna
🚽,Toilet,bowl toilet
🔭,Telescope,astronomy hobby
🚪,Door,door frame
👍,Thumbs Up,great
💻,Laptop,internet
🔌,Electric Plug,wall
🧸,Teddy Bear,nursery
❄️,Snowflake,design
😎,Smiling Face with Sunglasses,boss mode
🛋️,Couch and Lamp,home decor
😭,Loudly Crying Face,i am suffering
🍦,Soft Serve,sun melting
🚽,Toilet,porcelain toilet
💀,Skull,i am dead from laughter
🗺️,World Map,study map
🔌,Electric Plug,wire plug
🏮,Red Paper Lantern,asian
🛁,Bathtub,soap bath
🙏,Folded Hands,requesting
🐶,Dog Face,dog pet
💻,Laptop,technology
🧸,Teddy Bear,nursery decor
👍,Thumbs Up,ready
✏️,Pencil,creative
🛋️,Couch and Lamp,sofa couch
🧭,Compass,instrument compass
☀️,Sun,shining
📡,Satellite Antenna,modern tech
⌚,Watch,watch minutes
💡,Light Bulb,idea
🍎,Red Apple,classic garden fruit
💰,Money Bag,cash
😊,Smiling Face with Smiling Eyes,feeling happy and content
🕰️,Mantelpiece Clock,style
🔬,Microscope,microscope medical
🛳️,Passenger Ship,water
🚪,Door,room
🧬,DNA,dna structure
🪒,Razor,barber razor
🚲,Bicycle,exercise
🕯️,Candle,candle warm
🛋️,Couch and Lamp,sitting
🍺,Beer Mug,drinking beer
🧬,DNA,ancestry and genes
🔭,Telescope,telescope exploration
🕰️,Mantelpiece Clock,timepiece
📂,Open File Folder,digital folder
🖼️,Framed Picture,hanging artwork
💰,Money Bag,saving up coins
⚽,Soccer Ball,team
🧼,Soap,washing soap
🔦,Flashlight,gear
🎸,Guitar,loud guitar
🏠,House,property
😊,Smiling Face with Smiling Eyes,simple joy and happiness
🍕,Pizza,dough pizza
🚲,Bicycle,cycling bike
🛳️,Passenger Ship,ship vacation
🚗,Automobile,car motor
🔌,Electric Plug,machine
💰,Money Bag,making lots of money
✂️,Scissors,office
🕯️,Candle,soft candle
🌡️,Thermometer,medical checkup
🍔,Hamburger,classic american food
🏀,Basketball,basketball hoop
🥪,Sandwich,toast
📑,Bookmark Tabs,tags
🛋️,Couch and Lamp,furniture
😊,Smiling Face with Smiling Eyes,smiling softly
📈,Chart Increasing,trend
🎁,Wrapped Gift,offering gift
✏️,Pencil,pencil school
🔒,Locked,locked restricted
🗺️,World Map,map locations
🔥,Fire,great job on the win
🚲,Bicycle,bike health
💀,Skull,skull
❄️,Snowflake,freezing
📓,Notebook,writing
🔥,Fire,things are heating up
🎾,Tennis,exercise
❄️,Snowflake,weather
📏,Straight Ruler,plastic
✏️,Pencil,lead
🎾,Tennis,match tennis
🌈,Rainbow,bright happy
⌚,Watch,watch formal
🎈,Balloon,balloon birthday
🧪,Test Tube,glass tube
🧸,Teddy Bear,animal teddy
🤣,Rolling on the Floor Laughing,so funny
📍,Round Pushpin,here
🏮,Red Paper Lantern,asian culture
🔒,Locked,secure and private
🤡,Clown Face,acting foolish
🍷,Wine Glass,dinner wine
🚀,Rocket,growth progress
🌈,Rainbow,rainbow sky
🖋️,Fountain Pen,fancy
🥳,Partying Face,special occasion celebration
🔭,Telescope,telescope sky
🐱,Cat Face,meowing
🏀,Basketball,dunking
🔬,Microscope,scientific research
✨,Sparkles,magical moment
📑,Bookmark Tabs,tab markers
😎,Smiling Face with Sunglasses,ice
🪒,Razor,safety razor
🍔,Hamburger,lunch
🔭,Telescope,astronomy
☀️,Sun,solar energy source
✂️,Scissors,tool
🥳,Partying Face,loud cheers
📏,Straight Ruler,ruler geometry
🚂,Locomotive,train rail
🔥,Fire,super hot trending topic
🔒,Locked,restricted access
🕰️,Mantelpiece Clock,clock time
🕯️,Candle,warm
📱,Mobile Phone,pocket
🚲,Bicycle,bike transport
🔒,Locked,restricted lock
📈,Chart Increasing,business chart
💔,Broken Heart,sad vibes
😭,Loudly Crying Face,mourning a loss
🔌,Electric Plug,plug outlet
🍕,Pizza,tomato
📱,Mobile Phone,using a smartphone
📸,Camera with Flash,capturing the moment
🔬,Microscope,discovery
✨,Sparkles,fresh and clean
🥳,Partying Face,loud cheers and fun
💡,Light Bulb,light bulb
😎,Smiling Face with Sunglasses,stylish and trendy
🛋️,Couch and Lamp,relaxing couch
🥗,Green Salad,salad vegetable
🙏,Folded Hands,please
🎈,Balloon,air balloon
🖋️,Fountain Pen,artist tool
🚀,Rocket,ambitious goals
🖼️,Framed Picture,frame painting
🐱,Cat Face,meowing for food
😂,Face with Tears of Joy,hilarious stuff
🌍,Globe Showing Europe-Africa,community
🔦,Flashlight,beam of light
💔,Broken Heart,grief vibes
🛁,Bathtub,spot
🏠,House,living home
🛏️,Bed,cozy bed
🧼,Soap,germ
🏠,House,neighborhood living
☀️,Sun,sunny
😂,Face with Tears of Joy,that killed me
🍕,Pizza,dough
📍,Round Pushpin,tracking the spot
🧸,Teddy Bear,cute gift
👍,Thumbs Up,well played
🪒,Razor,accessory
🍦,Soft Serve,treat
🌈,Rainbow,hope pride
🏮,Red Paper Lantern,glow
🍰,Shortcake,sweet dessert treat
📏,Straight Ruler,edge
🥗,Green Salad,vegan salad
✨,Sparkles,shiny object
🕯️,Candle,peaceful ambiance
🚲,Bicycle,outdoor
🔒,Locked,safe
🧹,Broom,broom dust
🙏,Folded Hands,appreciation
📚,Books,supplies
🍦,Soft Serve,sun
🙄,Face with Rolling Eyes,annoyed
🎾,Tennis,racket court
🧪,Test Tube,liquid tube
🥗,Green Salad,bowl salad
🍦,Soft Serve,summer
🙏,Folded Hands,prayer hands
🛁,Bathtub,soap
💔,Broken Heart,pain
🛳️,Passenger Ship,cruise
🕰️,Mantelpiece Clock,hour and minute
📂,Open File Folder,office work
😂,Face with Tears of Joy,so much joy
🐱,Cat Face,pet
🚀,Rocket,taking off into the sky
📍,Round Pushpin,location point
🗺️,World Map,locations and borders
🥳,Partying Face,celebrate always
🤡,Clown Face,weird face
💀,Skull,morbid humor
🧹,Broom,manual cleaning
🌍,Globe Showing Europe-Africa,news earth
🖼️,Framed Picture,home decoration
🚲,Bicycle,bike cycling
⌚,Watch,checking the time
🧭,Compass,magnetic compass
🏠,House,house home
🙄,Face with Rolling Eyes,sarcasm
🤣,Rolling on the Floor Laughing,hysterical
😎,Smiling Face with Sunglasses,keeping it chill
🔦,Flashlight,night
🧺,Basket,handle and weave
💀,Skull,bony head
🧺,Basket,handle
🛏️,Bed,bedroom
📑,Bookmark Tabs,tool
🗺️,World Map,explorer map
😂,Face with Tears of Joy,side splitting
🎾,Tennis,yellow fuzzy ball
🧸,Teddy Bear,toy teddy
😎,Smiling Face with Sunglasses,smooth vibe
🕯️,Candle,light candle
🚽,Toilet,sanitation toilet
🚀,Rocket,sky high
🌡️,Thermometer,health thermometer
🙄,Face with Rolling Eyes,disbelief look
🔑,Key,key access
🔥,Fire,burning desire
🔋,Battery,full energy cell
🏀,Basketball,sports
🚲,Bicycle,two wheel transport
💊,Pill,medical treatment
🍺,Beer Mug,cold beer
🎁,Wrapped Gift,surprise for you
☕,Hot Beverage,liquid
🚽,Toilet,porcelain
✈️,Airplane,international airplane
🥗,Green Salad,green
🖋️,Fountain Pen,writing pen
🪒,Razor,razor
📏,Straight Ruler,ruler construction
🛳️,Passenger Ship,ship
🐱,Cat Face,curious kitten
🎁,Wrapped Gift,wrapped present
🐶,Dog Face,friend puppy
📈,Chart Increasing,success chart
🥳,Partying Face,happy birthday party
🤡,Clown Face,funny face
🧸,Teddy Bear,teddy cuddly
📡,Satellite Antenna,space antenna
📑,Bookmark Tabs,page
🚀,Rocket,speed
🍕,Pizza,pepperoni pizza
🔬,Microscope,tool
📚,Books,research
⌛,Hourglass Done,glass
🧪,Test Tube,chemicals
🧪,Test Tube,lab worker
🧺,Basket,basket laundry
💡,Light Bulb,brilliant bulb
🛁,Bathtub,bathtub bathroom
🎁,Wrapped Gift,offering
📍,Round Pushpin,spot
🚂,Locomotive,locomotive train
🍦,Soft Serve,ice cream
🐶,Dog Face,furry animal companion
🎁,Wrapped Gift,present gift
🔦,Flashlight,flashlight camping
🛏️,Bed,dreaming in bed
😭,Loudly Crying Face,so depressed
🐶,Dog Face,companion
🔨,Hammer,construction hammer
🕯️,Candle,warm light
📱,Mobile Phone,smartphone mobile
💀,Skull,end of my life
📂,Open File Folder,documents folder
😴,Sleeping Face,drifting
😎,Smiling Face with Sunglasses,trendy vibes
🤔,Thinking Face,deep reflection
🐶,Dog Face,love for animals
📑,Bookmark Tabs,marking tabs
🤡,Clown Face,silly face
🧪,Test Tube,liquid chemicals
👍,Thumbs Up,okay then
😎,Smiling Face with Sunglasses,cool as ice
⌚,Watch,ticking watch
🤣,Rolling on the Floor Laughing,losing it
💰,Money Bag,currency
🧼,Soap,soap bubbles
🐱,Cat Face,cat face
🏮,Red Paper Lantern,asian lantern
🌈,Rainbow,color spectrum
🛳️,Passenger Ship,boat vacation
🖼️,Framed Picture,wall art
🥪,Sandwich,sandwich cheese
📱,Mobile Phone,usage
📚,Books,piles books
💰,Money Bag,coins bag
🍕,Pizza,tomato sauce and crust
☕,Hot Beverage,warm hot
🎁,Wrapped Gift,gift package
🧹,Broom,broom sweeping
🔔,Bell,bell dinner
🥳,Partying Face,birthday joy
🧭,Compass,guide
🗺️,World Map,continents and oceans
👍,Thumbs Up,approve
🏮,Red Paper Lantern,lantern
🖼️,Framed Picture,decor
🧬,DNA,ancestry dna
🚀,Rocket,engine power start
🤡,Clown Face,making mockery
🧭,Compass,explorer's kit
🍰,Shortcake,piece
🧼,Soap,supply
🔥,Fire,hot girl summer
🥪,Sandwich,tasty sandwich
💀,Skull,feeling extremely tired
💊,Pill,advice
🕰️,Mantelpiece Clock,shelf ornament
📑,Bookmark Tabs,document bookmark
📑,Bookmark Tabs,document organization
🍦,Soft Serve,white swirl
❤️,Red Heart,loving life
🔬,Microscope,biology microscope
🪒,Razor,razor shaving
✨,Sparkles,prestige and high quality
🪒,Razor,razor tool
🤣,Rolling on the Floor Laughing,joy
🔦,Flashlight,flashlight torch
📸,Camera with Flash,photos
🔦,Flashlight,flashlight search
🏮,Red Paper Lantern,soft glow
🧸,Teddy Bear,bear toy
🧪,Test Tube,laboratory
🍦,Soft Serve,sweet treat
💰,Money Bag,wealthy
📈,Chart Increasing,profits
🚗,Automobile,driving
📏,Straight Ruler,straight edge line
🎈,Balloon,celebration symbol
🍎,Red Apple,teacher apple
🚽,Toilet,flushing water
🎈,Balloon,balloon flying
🍔,Hamburger,dinner
🐶,Dog Face,dog companion
📸,Camera with Flash,professional photographer
🙏,Folded Hands,blessed life
🛁,Bathtub,bathtub tub
☕,Hot Beverage,coffee hot
😭,Loudly Crying Face,tragic loss
🥳,Partying Face,festive
📱,Mobile Phone,tool phone
🕯️,Candle,light
🥗,Green Salad,salad lettuce
😍,Smiling Face with Heart-Eyes,loving what i see
🙄,Face with Rolling Eyes,unimpressed
🏀,Basketball,life
🚂,Locomotive,passengers
❤️,Red Heart,heart emoji
🐶,Dog Face,dog face
⚽,Soccer Ball,professional soccer
🍰,Shortcake,sweets cake
✈️,Airplane,taking a flight
🏀,Basketball,net
🔑,Key,opening a lock
🪒,Razor,shave face
🎁,Wrapped Gift,gift ribbon
🍦,Soft Serve,cooling down with sugar
📓,Notebook,notebook journal
💡,Light Bulb,electric
⚽,Soccer Ball,professional
🐱,Cat Face,fluffy kitten whiskers
❄️,Snowflake,outdoor
🏠,House,house roof
💡,Light Bulb,thinking
📍,Round Pushpin,mark
😭,Loudly Crying Face,loud sobbing
💰,Money Bag,money cash
❤️,Red Heart,heart of gold
🌡️,Thermometer,glass tube measure
⌚,Watch,watch seconds
🛁,Bathtub,water
😭,Loudly Crying Face,i am devastated
⚽,Soccer Ball,football ball
💊,Pill,pill healthcare
🍦,Soft Serve,vanilla dessert
🧹,Broom,witch
🚲,Bicycle,bike outdoor
💊,Pill,health and wellness
😍,Smiling Face with Heart-Eyes,heart shaped eyes
🚪,Door,door house
☀️,Sun,sunrise sun
📍,Round Pushpin,found spot
⌛,Hourglass Done,end time
🍦,Soft Serve,dairy
🔬,Microscope,lens
📈,Chart Increasing,heights
🧼,Soap,clean
🙏,Folded Hands,namaste spirit
😭,Loudly Crying Face,im so sad
🐱,Cat Face,curious cat
🚂,Locomotive,train
📈,Chart Increasing,hitting new heights
🔬,Microscope,small detail view
✈️,Airplane,flying
😂,Face with Tears of Joy,hilarious joke lol
✨,Sparkles,glittering gems
🥗,Green Salad,meal salad
🎸,Guitar,strumming guitar
📸,Camera with Flash,smile camera
🍎,Red Apple,fresh from orchard
🎸,Guitar,musician work
🍔,Hamburger,sesame bun
💰,Money Bag,hitting the jackpot
📂,Open File Folder,papers
📑,Bookmark Tabs,page bookmark
🎾,Tennis,tennis sports
📏,Straight Ruler,school ruler
✂️,Scissors,scissors
👍,Thumbs Up,nice job
😊,Smiling Face with Smiling Eyes,sweet
🥳,Partying Face,let's party
🧪,Test Tube,tube research
💰,Money Bag,rich
📱,Mobile Phone,computer
☀️,Sun,solar
🕯️,Candle,candle peaceful
🌈,Rainbow,colorful sky arc
😴,Sleeping Face,drifting sleep
😭,Loudly Crying Face,weeping loudly
😂,Face with Tears of Joy,im screaming
🍷,Wine Glass,wine toast
🍕,Pizza,fast
📱,Mobile Phone,phone digital
🏀,Basketball,points
🛋️,Couch and Lamp,sofa home
📑,Bookmark Tabs,bookmark document
🤣,Rolling on the Floor Laughing,floor
🍕,Pizza,cheese pizza
🗺️,World Map,world geography
🔭,Telescope,exploration
🌍,Globe Showing Europe-Africa,view
🛏️,Bed,bed time
🎸,Guitar,guitar song
✨,Sparkles,night sky
🌍,Globe Showing Europe-Africa,community globe
🛏️,Bed,bed rest
😴,Sleeping Face,nap
🌍,Globe Showing Europe-Africa,marble
❄️,Snowflake,snowflake
🧬,DNA,molecule dna
✂️,Scissors,hobby tool
🍷,Wine Glass,toast wine
🚪,Door,door entry
🔬,Microscope,magnification lens
💀,Skull,bony face
💊,Pill,medical capsule
🚲,Bicycle,mountain
😂,Face with Tears of Joy,laughing out loud
🔒,Locked,lock
🤣,Rolling on the Floor Laughing,rofl laughing hard
🚲,Bicycle,riding a bike
✏️,Pencil,wooden
🔦,Flashlight,emergency light
📈,Chart Increasing,scaling chart
🧹,Broom,sweeping
🙄,Face with Rolling Eyes,dismissive
📸,Camera with Flash,memories
🧼,Soap,hand soap
🍎,Red Apple,habits
😎,Smiling Face with Sunglasses,energy vibes
🔔,Bell,music bell
🍔,Hamburger,fast food meal
😊,Smiling Face with Smiling Eyes,smiling
🚿,Shower,washing shower
🏀,Basketball,net ball
🛳️,Passenger Ship,boat ship
😴,Sleeping Face,very sleepy
🏮,Red Paper Lantern,lantern light
🍰,Shortcake,food
🔌,Electric Plug,source
🐶,Dog Face,breed
🔔,Bell,classic metal bell
🧺,Basket,holding goods
😊,Smiling Face with Smiling Eyes,positive
✈️,Airplane,departing on trip
☀️,Sun,sunny sky
📚,Books,stack books
🎈,Balloon,supply
🏀,Basketball,basketball game
🌧️,Cloud with Rain,drops
🍺,Beer Mug,social drinking time
🛏️,Bed,bed pillow
😎,Smiling Face with Sunglasses,relaxed energy
🖋️,Fountain Pen,high quality pen
📈,Chart Increasing,profits rising
🌍,Globe Showing Europe-Africa,travel around world
🪒,Razor,shave hair
📍,Round Pushpin,pin on the map
💔,Broken Heart,deep emotional pain
🗺️,World Map,path
📸,Camera with Flash,taking picture
🌈,Rainbow,magic
🧭,Compass,compass tool
🚪,Door,privacy and entry
📸,Camera with Flash,arts
🔌,Electric Plug,electric plug
🥪,Sandwich,bread
⌛,Hourglass Done,time glass
🚂,Locomotive,history
🤡,Clown Face,clowning
📏,Straight Ruler,construction measure
🍎,Red Apple,healthy
💰,Money Bag,profit bag
💻,Laptop,computer
😴,Sleeping Face,drifting face
💰,Money Bag,bank and currency
☕,Hot Beverage,cup
🙏,Folded Hands,praying
❄️,Snowflake,flake snow
😴,Sleeping Face,day face
❤️,Red Heart,pure love and light
😴,Sleeping Face,long day
✂️,Scissors,craft tool
📸,Camera with Flash,lens
📸,Camera with Flash,camera work
⌛,Hourglass Done,sand
📂,Open File Folder,organizing papers
🛋️,Couch and Lamp,couch sofa
🥳,Partying Face,confetti joy
🔬,Microscope,lab
🧬,DNA,dna code
👍,Thumbs Up,okay with me
❤️,Red Heart,i love you
⌚,Watch,smart watch
🥳,Partying Face,party
😊,Smiling Face with Smiling Eyes,peaceful
🏠,House,living house
🔒,Locked,bolt lock
😭,Loudly Crying Face,so much sorrow
⌛,Hourglass Done,glass hourglass
🧸,Teddy Bear,bear teddy
🎾,Tennis,fuzzy ball
💊,Pill,drug pill
🎸,Guitar,band rehearsal time
❤️,Red Heart,sweetheart
✨,Sparkles,magic trick
⌚,Watch,punctuality
🙄,Face with Rolling Eyes,frustration vibes
🚂,Locomotive,steam locomotive
🤔,Thinking Face,pondering life
🎈,Balloon,flying
🧹,Broom,room
📑,Bookmark Tabs,study
📓,Notebook,take notes
✈️,Airplane,soaring airplane
🔋,Battery,rechargeable source
📍,Round Pushpin,pin
🧭,Compass,gear compass
📍,Round Pushpin,mark point
🏠,House,building
🧬,DNA,helix dna
🍷,Wine Glass,glass
🏠,House,house building
🧼,Soap,foam soap
💀,Skull,dead laughing
❄️,Snowflake,winter wonderland
💊,Pill,prescription pill
🍦,Soft Serve,dessert
🔋,Battery,battery life
🛋️,Couch and Lamp,design couch
📏,Straight Ruler,edge ruler
💔,Broken Heart,unrequited vibes
🌡️,Thermometer,health
🎁,Wrapped Gift,gift delivery
🍰,Shortcake,party cake
🍕,Pizza,ordering pizza
☀️,Sun,heat
💰,Money Bag,currency bag
❄️,Snowflake,unique snow pattern
🍕,Pizza,favorite fast food
🚽,Toilet,bathroom
😎,Smiling Face with Sunglasses,beach day
⌛,Hourglass Done,period of time
🌧️,Cloud with Rain,raining outside
💀,Skull,tired
🔒,Locked,heavy metal bolt
😍,Smiling Face with Heart-Eyes,in love
❄️,Snowflake,falling snowflake
🚗,Automobile,car vehicle
🍦,Soft Serve,kids treat
🥳,Partying Face,cheers
😭,Loudly Crying Face,sad story
🍷,Wine Glass,red wine
🔔,Bell,bell alert
💻,Laptop,tech
🔥,Fire,spicy food
📚,Books,books study
☕,Hot Beverage,caffeine hot
🕯️,Candle,candle melting
🌈,Rainbow,magic arc
🐶,Dog Face,pet dog
🤡,Clown Face,weird
🐱,Cat Face,fur
⚽,Soccer Ball,football
📏,Straight Ruler,drawing
🏠,House,residential property
😍,Smiling Face with Heart-Eyes,seeing stars
🖋️,Fountain Pen,ink flow
🐶,Dog Face,puppy
⚽,Soccer Ball,soccer field
💻,Laptop,internet laptop
🏀,Basketball,court
⌛,Hourglass Done,hourglass time
🚗,Automobile,car road
🔒,Locked,access
🛁,Bathtub,home spa
🔋,Battery,energy
🧸,Teddy Bear,bear toy
🤣,Rolling on the Floor Laughing,joyful laughter
💔,Broken Heart,sad and lonely
👍,Thumbs Up,positive
🚗,Automobile,personal red vehicle
📓,Notebook,blank
🛋️,Couch and Lamp,lounge furniture
💊,Pill,drug treatment
📓,Notebook,records
🍔,Hamburger,tasty
⌛,Hourglass Done,gravity sand
🌍,Globe Showing Europe-Africa,earth globe
💰,Money Bag,profit
🎾,Tennis,game tennis
🚂,Locomotive,train history
📍,Round Pushpin,map mark
📸,Camera with Flash,visual arts work
🚲,Bicycle,outdoor exercise
🛁,Bathtub,cleaning bath
😂,Face with Tears of Joy,so funny i can't breathe
✏️,Pencil,hand writing
🏀,Basketball,excitement
⌚,Watch,track watch
❤️,Red Heart,deep affection and care
🔒,Locked,locked door
🧬,DNA,life sciences
🚗,Automobile,steering
📓,Notebook,notes notebook
😎,Smiling Face with Sunglasses,trendy style
🍰,Shortcake,bakery cake
❤️,Red Heart,love is in the air
🚀,Rocket,blast space
😂,Face with Tears of Joy,comedy gold
🔨,Hammer,building with tools
🍕,Pizza,slice of cheesy pepperoni
👍,Thumbs Up,work
🏠,House,place of rest
🥗,Green Salad,nutritious plant bowl
💀,Skull,ghost head
✂️,Scissors,sharp metal blades
🚗,Automobile,traffic
🌧️,Cloud with Rain,falling water drops
💰,Money Bag,wealthy bag
🌡️,Thermometer,temperature thermometer
⚽,Soccer Ball,global
🤡,Clown Face,creepy clown vibes
🐱,Cat Face,face
🎸,Guitar,rehearsal guitar
⌛,Hourglass Done,task
🛁,Bathtub,bathtub wash
🌧️,Cloud with Rain,water rain
🛏️,Bed,bed mattress
🥳,Partying Face,confetti time
🛋️,Couch and Lamp,sofa livingroom
🖼️,Framed Picture,wall painting
💡,Light Bulb,yellow bulb
🥗,Green Salad,lettuce
🌍,Globe Showing Europe-Africa,space earth
📍,Round Pushpin,geo spot
☀️,Sun,outdoor weather
✨,Sparkles,fairy tales
💀,Skull,skeleton man
🧼,Soap,hands
😭,Loudly Crying Face,feeling low
🕰️,Mantelpiece Clock,decor
📓,Notebook,notebook
💰,Money Bag,wealth
🔌,Electric Plug,energy connection
❄️,Snowflake,snowflake ice
✈️,Airplane,international flight
🖋️,Fountain Pen,writing
🍎,Red Apple,vitamins
✏️,Pencil,drawing pencil
❤️,Red Heart,my valentine
💀,Skull,vibes
🧸,Teddy Bear,soft toy
🗺️,World Map,navigation
🛏️,Bed,furniture
🛳️,Passenger Ship,large boat deck
🥗,Green Salad,raw salad
💻,Laptop,tasks
📚,Books,books stack
🧹,Broom,bristles and dirt
🎁,Wrapped Gift,reward
🔋,Battery,bar
🐱,Cat Face,kitty
💔,Broken Heart,my heart is aching
🚗,Automobile,travel car
📍,Round Pushpin,destination mark
🔒,Locked,safe lock
🔦,Flashlight,handheld
📱,Mobile Phone,touch screen device
🔭,Telescope,telescope stars
🖋️,Fountain Pen,fountain pen
⌚,Watch,daily watch
💻,Laptop,software
🧭,Compass,path
🌧️,Cloud with Rain,umbrella rain
🧪,Test Tube,science
🖼️,Framed Picture,frame picture
🏠,House,safe and cozy
🏀,Basketball,professional athlete life
💀,Skull,skull face
🏠,House,family home
❄️,Snowflake,winter snowflake
❤️,Red Heart,heart symbol for best friend
🛏️,Bed,bed night
🍰,Shortcake,slice
🎾,Tennis,game
🍰,Shortcake,cake dessert
❄️,Snowflake,cold snowflake
🙏,Folded Hands,spiritual
⚽,Soccer Ball,kicking ball
👍,Thumbs Up,cool
🛳️,Passenger Ship,giant ship hull
💊,Pill,pill medicine
🗺️,World Map,map path
🧭,Compass,north compass
🏠,House,space home
😴,Sleeping Face,tired face
🌡️,Thermometer,hot
❤️,Red Heart,sending you my love
🤔,Thinking Face,is that true
🛏️,Bed,bed mattress
✨,Sparkles,glittering stars
⚽,Soccer Ball,game ball
✈️,Airplane,passenger
☕,Hot Beverage,cozy drink time
🙄,Face with Rolling Eyes,serious face
🧪,Test Tube,testing
🖋️,Fountain Pen,artist
🤡,Clown Face,silly
🎈,Balloon,birthday
💀,Skull,bony skull face
🎾,Tennis,ball
💔,Broken Heart,shattered love
🙏,Folded Hands,thanks
💊,Pill,capsule pill
🚲,Bicycle,transport bike
🧬,DNA,genes
🧸,Teddy Bear,brown fur bear
🙏,Folded Hands,deep appreciation and thanks
🔨,Hammer,labor
🚗,Automobile,driving car
🕰️,Mantelpiece Clock,shelf
🔑,Key,house key
📍,Round Pushpin,mark here
🐱,Cat Face,kitten
✈️,Airplane,trip airplane
🍷,Wine Glass,drink wine
🥪,Sandwich,picnic
📸,Camera with Flash,bright
⚽,Soccer Ball,field and goals
❤️,Red Heart,big hugs
🔒,Locked,safety
⌚,Watch,ticking time piece
🥗,Green Salad,bowl
🎾,Tennis,hobby
🔥,Fire,looking spicy
🚀,Rocket,skyrocketing results
🧺,Basket,carrier
📱,Mobile Phone,phone computer
😴,Sleeping Face,need nap
🚗,Automobile,car traffic
🥗,Green Salad,dressing salad
😊,Smiling Face with Smiling Eyes,smiling at the world
📑,Bookmark Tabs,finding spot
💻,Laptop,browsing
✏️,Pencil,yellow wooden pencil
🚂,Locomotive,travel train
✏️,Pencil,notes
🕯️,Candle,romantic candle
🍦,Soft Serve,melting in the sun
🚪,Door,portal door
🔑,Key,symbolic metal key
⌛,Hourglass Done,sand glass
👍,Thumbs Up,well done
🛳️,Passenger Ship,boat water
🗺️,World Map,continents
📡,Satellite Antenna,wireless data
🎸,Guitar,time
🔔,Bell,dinner is ready
🖋️,Fountain Pen,pen ink
✂️,Scissors,pair scissors
⚽,Soccer Ball,soccer
🧹,Broom,wooden
🚽,Toilet,sanitation
🙏,Folded Hands,thankful soul
🌈,Rainbow,rainbow
📑,Bookmark Tabs,document
🤔,Thinking Face,curious George
✏️,Pencil,pencil art
🍕,Pizza,crust pizza
🧺,Basket,harvest basket
🏮,Red Paper Lantern,celebration decor
🤔,Thinking Face,brain teaser
☀️,Sun,yellow sun
🛁,Bathtub,warm
🤡,Clown Face,joke face
🚪,Door,portal
😴,Sleeping Face,nap face
📸,Camera with Flash,photo shot
🔑,Key,success
🍷,Wine Glass,red wine drink
🪒,Razor,personal grooming
💀,Skull,tired as hell
💊,Pill,health
🎈,Balloon,flying balloon
🍕,Pizza,delicious pizza
🖼️,Framed Picture,picture frame
✈️,Airplane,runway
✂️,Scissors,school project tool
🪒,Razor,tool
🤔,Thinking Face,what is the catch
🧪,Test Tube,laboratory tube
🌧️,Cloud with Rain,cold rainy weather
🔥,Fire,absolute heat
📑,Bookmark Tabs,reading helper
📸,Camera with Flash,lens shutter
😭,Loudly Crying Face,heartbroken and devastated
🤔,Thinking Face,let me see
🧺,Basket,basket shopping
🏀,Basketball,scoring
🍦,Soft Serve,dairy treat
🐶,Dog Face,dog breed
📍,Round Pushpin,fixed point
⌚,Watch,wrist watch
💊,Pill,wellness
🐱,Cat Face,cat pet
🌡️,Thermometer,digital thermometer
🔔,Bell,metal
🤔,Thinking Face,analyzing the situation
🚗,Automobile,garage car
📈,Chart Increasing,market
📡,Satellite Antenna,antenna space
👍,Thumbs Up,yes
🧭,Compass,hiking
🍷,Wine Glass,red wine glass
🤔,Thinking Face,looking for answers
⌛,Hourglass Done,temporal symbol
⌛,Hourglass Done,time is up
🍦,Soft Serve,snack
✈️,Airplane,sky flight
🙄,Face with Rolling Eyes,frustration
✈️,Airplane,airplane
🔥,Fire,blazing fire and heat
🧪,Test Tube,reaction
☀️,Sun,rays
🙄,Face with Rolling Eyes,eye rolling
📏,Straight Ruler,geometry
☕,Hot Beverage,cocoa
🍺,Beer Mug,glass of ale
🖋️,Fountain Pen,elegant pen
🕯️,Candle,glow light
🛏️,Bed,rest
🌍,Globe Showing Europe-Africa,nature globe
🔌,Electric Plug,connection
🍺,Beer Mug,weekend party drink
🎸,Guitar,musician at work
🍰,Shortcake,baked
🙄,Face with Rolling Eyes,serious
🚗,Automobile,sedan car
📓,Notebook,student notebook
🌍,Globe Showing Europe-Africa,geography and maps
📈,Chart Increasing,improving daily
😭,Loudly Crying Face,emotional breakdown
✂️,Scissors,scissors tool
🌈,Rainbow,luck magic
🍦,Soft Serve,sweet summer treat
🍔,Hamburger,meal burger
🥳,Partying Face,win
🏀,Basketball,basketball orange
📱,Mobile Phone,mobile phone
🥗,Green Salad,spinach salad
🛋️,Couch and Lamp,couch home
✏️,Pencil,yellow
🤔,Thinking Face,considering all the options
📂,Open File Folder,work folder
🍰,Shortcake,strawberry and cream
🙏,Folded Hands,thank you kindly
🔬,Microscope,microscope tool
🏀,Basketball,game
🍔,Hamburger,tasty sandwich
🔨,Hammer,fix
🧼,Soap,cleaning with water
🔒,Locked,bolt
🔌,Electric Plug,energy plug
😎,Smiling Face with Sunglasses,sunny day at beach
🕯️,Candle,flame candle
🚿,Shower,bathroom plumbing
🖋️,Fountain Pen,tool
📓,Notebook,daily diary
🚿,Shower,shower routine
🛏️,Bed,dreaming
🎸,Guitar,strumming
🧼,Soap,bubbles soap
🧪,Test Tube,mixing solutions
🖼️,Framed Picture,picture
💊,Pill,health treatment
☕,Hot Beverage,liquid hot
❄️,Snowflake,ice
🗺️,World Map,paper map
🥗,Green Salad,greens salad
🍔,Hamburger,hungry burger
🌧️,Cloud with Rain,sky cloud
🧸,Teddy Bear,plush toy
🚗,Automobile,car driving
🔦,Flashlight,battery torch
👍,Thumbs Up,thumbs up emoji
💡,Light Bulb,plan
🔦,Flashlight,flashlight battery
🙏,Folded Hands,appreciative
🤣,Rolling on the Floor Laughing,peak comedy moment
😊,Smiling Face with Smiling Eyes,peaceful happy face
🥳,Partying Face,party mode
🌧️,Cloud with Rain,storm weather
❄️,Snowflake,frozen water flake
🚂,Locomotive,steam train
📡,Satellite Antenna,tv antenna
🌡️,Thermometer,thermometer weather
💊,Pill,prescription drug
🚿,Shower,washing
🍔,Hamburger,hamburger
🍷,Wine Glass,glass of merlot
❄️,Snowflake,delicate ice design
🍎,Red Apple,forbidden fruit story
🥪,Sandwich,toasted bread slices
☀️,Sun,light sun
🏀,Basketball,hoop
🔥,Fire,blazing fast
🐱,Cat Face,ears
🏠,House,family house
😎,Smiling Face with Sunglasses,relaxed
⚽,Soccer Ball,goals ball
🌡️,Thermometer,sensing
💰,Money Bag,money wealth
😊,Smiling Face with Smiling Eyes,friendly greeting
✈️,Airplane,clouds
💻,Laptop,typing
😊,Smiling Face with Smiling Eyes,friendly
😂,Face with Tears of Joy,im finished
📏,Straight Ruler,wood
🌧️,Cloud with Rain,rain weather
🍎,Red Apple,apple surface
🖋️,Fountain Pen,calligraphy
🚽,Toilet,daily hygiene
🚿,Shower,hot water shower
🐶,Dog Face,barking and playing
🚗,Automobile,travel
🍰,Shortcake,layer of berries
🎾,Tennis,tennis ball
🕯️,Candle,glowing candle
💡,Light Bulb,source
✏️,Pencil,pencil yellow
🖼️,Framed Picture,painting
💡,Light Bulb,bright bulb
📚,Books,reading
📡,Satellite Antenna,satellite dish
🖋️,Fountain Pen,pen calligraphy
🔨,Hammer,wood
🍎,Red Apple,pet
📚,Books,library and study
💡,Light Bulb,spark bulb
🥪,Sandwich,slice
🎸,Guitar,electric guitar
🍦,Soft Serve,summer dessert
✏️,Pencil,pencil lead
🐱,Cat Face,cat
🛁,Bathtub,bubbles and soap
📚,Books,student life
😍,Smiling Face with Heart-Eyes,love this look
🚗,Automobile,car sedan
😭,Loudly Crying Face,feeling tragic
😍,Smiling Face with Heart-Eyes,beautiful day
🔦,Flashlight,night light
🐱,Cat Face,animal kitten
🍺,Beer Mug,pub beer
🌍,Globe Showing Europe-Africa,geography globe
🚽,Toilet,flushing
🥪,Sandwich,meal sandwich
😎,Smiling Face with Sunglasses,nothing
🔒,Locked,locked safe
🌧️,Cloud with Rain,vibes
🧬,DNA,medical dna
🧪,Test Tube,medical
❤️,Red Heart,true love
🖋️,Fountain Pen,fancy pen
📈,Chart Increasing,positive trend line
✏️,Pencil,wooden pencil
🏠,House,family
🎁,Wrapped Gift,surprise gift
🍕,Pizza,sauce pizza
😎,Smiling Face with Sunglasses,confident
🏠,House,indoor
🍔,Hamburger,beef burger
🙏,Folded Hands,please and thank you
⚽,Soccer Ball,white ball
🤔,Thinking Face,stay curious
🕯️,Candle,candle wax
🍷,Wine Glass,alcohol wine
😎,Smiling Face with Sunglasses,stylish look
🌈,Rainbow,happy
🐱,Cat Face,cat animal
✨,Sparkles,twinkling stars
☀️,Sun,morning
📸,Camera with Flash,camera
💊,Pill,taking medicine
🍦,Soft Serve,white
💔,Broken Heart,sadness
🕯️,Candle,warm candle
🌡️,Thermometer,measuring temperature
📈,Chart Increasing,profits chart
🎾,Tennis,serve and volley
🕰️,Mantelpiece Clock,time
🔦,Flashlight,beam flashlight
💰,Money Bag,rich bag
💻,Laptop,hardware
☀️,Sun,bright sky
🛁,Bathtub,relaxation bath
🎾,Tennis,tennis tour
☕,Hot Beverage,tea hot
🛁,Bathtub,relaxation spot
🧸,Teddy Bear,teddy gift
😎,Smiling Face with Sunglasses,wearing dark shades
📚,Books,school books
🔔,Bell,alert and alarm
🔑,Key,door key
🔭,Telescope,view
🙏,Folded Hands,high five
🔥,Fire,destroying the game
🕰️,Mantelpiece Clock,clock shelf
🤡,Clown Face,paint
🚪,Door,exit
🚗,Automobile,automobile
🍕,Pizza,slice
🚂,Locomotive,steam
🔥,Fire,high energy
⚽,Soccer Ball,fun
🚿,Shower,body
❄️,Snowflake,white snow
🤡,Clown Face,circus
☕,Hot Beverage,hot drink
🍺,Beer Mug,lager beer
📈,Chart Increasing,chart increasing
🚂,Locomotive,moving on iron
🧼,Soap,soap washing
🛳️,Passenger Ship,travel
🧸,Teddy Bear,toy
🍦,Soft Serve,sweet dessert
🚿,Shower,hygiene shower
🍎,Red Apple,surface apple
🐱,Cat Face,playful kitty
😴,Sleeping Face,midnight sleep
🛏️,Bed,item
📱,Mobile Phone,digital
⌛,Hourglass Done,gravity and sand
🧬,DNA,medicine
📚,Books,books piles
😂,Face with Tears of Joy,top tier joke
⚽,Soccer Ball,cup
🚿,Shower,wet shower
🚪,Door,entrance door
🔦,Flashlight,torch flashlight
🍦,Soft Serve,vanilla ice
🎾,Tennis,net and baseline
🥳,Partying Face,cheer
📍,Round Pushpin,let us meet here
🔌,Electric Plug,cord
👍,Thumbs Up,everything is okay
💰,Money Bag,wealth and prosperity
🧺,Basket,organizing
🥪,Sandwich,item sandwich
🍔,Hamburger,sandwich burger
📂,Open File Folder,filing system
🧼,Soap,water soap
😂,Face with Tears of Joy,burst out laughing
🔑,Key,house key set
🍕,Pizza,cheesy
😍,Smiling Face with Heart-Eyes,fan girlling over this
🥪,Sandwich,sandwich ham
🌧️,Cloud with Rain,wet rain
😴,Sleeping Face,dreaming in bed
⌛,Hourglass Done,waiting time
🐶,Dog Face,pet puppy
⌛,Hourglass Done,symbol
🥳,Partying Face,blowing a party horn
🔨,Hammer,tool
🔔,Bell,dinner bell
💡,Light Bulb,invention bulb
🛏️,Bed,bed dreaming
🚗,Automobile,traffic car
🔔,Bell,notification sound
🔌,Electric Plug,plug electric
📈,Chart Increasing,right direction
💔,Broken Heart,aching
🪒,Razor,blade
🚿,Shower,shower washing
🐶,Dog Face,friend
🪒,Razor,cutting
📈,Chart Increasing,growth and success
🔑,Key,success key
🕯️,Candle,scent
📓,Notebook,office notebook
🛁,Bathtub,bubbles
⌚,Watch,schedule
🥪,Sandwich,quick
🧭,Compass,explorer compass
🧹,Broom,dust
⚽,Soccer Ball,field ball
🧹,Broom,dirt
❤️,Red Heart,always and forever
🌧️,Cloud with Rain,weather
🧪,Test Tube,chemistry tube
🐶,Dog Face,furry
🍷,Wine Glass,wine dinner
😭,Loudly Crying Face,crying my eyes out
💔,Broken Heart,unrequited love
📓,Notebook,paper
🚗,Automobile,automobile car
🗺️,World Map,map study
👍,Thumbs Up,perfect
🍕,Pizza,delicious
🌧️,Cloud with Rain,plants
🙄,Face with Rolling Eyes,that is so boring
📑,Bookmark Tabs,tabs bookmark
🚗,Automobile,car garage
💊,Pill,drug
🖋️,Fountain Pen,ink flow
⌚,Watch,accessory
🤔,Thinking Face,wait a second
🔬,Microscope,microscope project
😊,Smiling Face with Smiling Eyes,kind soul
🔥,Fire,absolute heater
💊,Pill,treatment
🏮,Red Paper Lantern,red light
📱,Mobile Phone,handheld computer
📸,Camera with Flash,hobby
🕯️,Candle,burning wax light
💰,Money Bag,financial success
🏠,House,asset house
🌍,Globe Showing Europe-Africa,world
🍰,Shortcake,dessert
🌈,Rainbow,rainbow arc
🕰️,Mantelpiece Clock,living room decor
🕯️,Candle,scent and aroma
🚽,Toilet,bathroom toilet
🖼️,Framed Picture,picture art
🍔,Hamburger,sandwich
📚,Books,knowledge books
🏮,Red Paper Lantern,red light
📂,Open File Folder,open papers
🚗,Automobile,garage
😍,Smiling Face with Heart-Eyes,so pretty and perfect
⌚,Watch,schedule watch
🧺,Basket,shopping basket
🕰️,Mantelpiece Clock,classic time
💻,Laptop,coding all night
🏀,Basketball,dribbling
🥳,Partying Face,fun
🚀,Rocket,fast growth and progress
🌈,Rainbow,a sign of wonder
🎾,Tennis,tennis court
🔒,Locked,restricted
🐶,Dog Face,puppy face
☀️,Sun,shining yellow star
🧪,Test Tube,medical research
🛳️,Passenger Ship,ship luxury
🌡️,Thermometer,mercury
🙄,Face with Rolling Eyes,dismissive face
🧸,Teddy Bear,teddy toy
🍎,Red Apple,apple orchard
😍,Smiling Face with Heart-Eyes,heart eyes reaction
🎾,Tennis,slam tennis
🧹,Broom,house broom
🔑,Key,metal door key
🔬,Microscope,testing
⌛,Hourglass Done,ancient timer
🌍,Globe Showing Europe-Africa,earth
🍷,Wine Glass,relax wine
✂️,Scissors,shears
💡,Light Bulb,bright light shining
📏,Straight Ruler,geometry class
🖼️,Framed Picture,picture wall
😍,Smiling Face with Heart-Eyes,gorgeous person
🍺,Beer Mug,frothy beer foam
🔬,Microscope,equipment
🚀,Rocket,speed sky
🔑,Key,metal
🖼️,Framed Picture,hanging
💻,Laptop,keyboard laptop
🖋️,Fountain Pen,professional pen
🕯️,Candle,melting
🥳,Partying Face,celebration
🧺,Basket,goods
❤️,Red Heart,sending hugs
💊,Pill,feeling better soon
🔬,Microscope,cells
☕,Hot Beverage,relax hot
❤️,Red Heart,romantic mood
🚽,Toilet,plumbing and water
🔋,Battery,charging
🖋️,Fountain Pen,fancy stationary
🗺️,World Map,world map
❤️,Red Heart,my heart is full
☕,Hot Beverage,drink beverage
😭,Loudly Crying Face,feeling lonely
🌈,Rainbow,after the rain
🎾,Tennis,match
✏️,Pencil,pencil office
🌧️,Cloud with Rain,rainy
🧺,Basket,material
🚲,Bicycle,bike exercise
🙏,Folded Hands,blessed day
🤔,Thinking Face,philosophical thought
💡,Light Bulb,electric bulb
🌡️,Thermometer,climate tool
🕯️,Candle,candle flame
😎,Smiling Face with Sunglasses,energy
🙄,Face with Rolling Eyes,are you serious
🔌,Electric Plug,outlet plug
🧭,Compass,navigation compass
📂,Open File Folder,folder data
👍,Thumbs Up,confirm
🍕,Pizza,dinner pizza
🚽,Toilet,private room
📚,Books,read books
🌍,Globe Showing Europe-Africa,geography
🎈,Balloon,festive
❄️,Snowflake,water
🎁,Wrapped Gift,opening a present
⌛,Hourglass Done,glass timer
🤔,Thinking Face,contemplating
🚂,Locomotive,engine
🧺,Basket,home
🌈,Rainbow,spectrum
🔨,Hammer,wood working tool
🧪,Test Tube,research
😂,Face with Tears of Joy,best joke of the day
✈️,Airplane,sky travel
🧼,Soap,soap bathroom
🍺,Beer Mug,lager
🎁,Wrapped Gift,delivery
🍰,Shortcake,sugar cake
🚲,Bicycle,road
🔔,Bell,bell alarm
😊,Smiling Face with Smiling Eyes,peace
🔔,Bell,school
🗺️,World Map,trip
🚲,Bicycle,travel
❤️,Red Heart,romantic feeling for you
⚽,Soccer Ball,black ball
🧼,Soap,bar
🔬,Microscope,study
✂️,Scissors,paper scissors
☀️,Sun,glow
🚂,Locomotive,freight
🍕,Pizza,dinner
🏀,Basketball,hoop game
🚿,Shower,bathroom shower
🔌,Electric Plug,plug cable
🔔,Bell,attention
🚪,Door,portal to house
🎁,Wrapped Gift,gesture
🍷,Wine Glass,dinner
✨,Sparkles,sparkles everywhere
😊,Smiling Face with Smiling Eyes,cheerful mood
🏮,Red Paper Lantern,paper lantern
☀️,Sun,sunny day
✏️,Pencil,creative art tool
🧪,Test Tube,tube
⌛,Hourglass Done,hourglass timer
🔨,Hammer,hammer renovation
🕰️,Mantelpiece Clock,ticking clock
😭,Loudly Crying Face,pure sadness
🔨,Hammer,head
📂,Open File Folder,records folder
📑,Bookmark Tabs,tabs
🌡️,Thermometer,temperature
☀️,Sun,summer
🎁,Wrapped Gift,package gift
🎸,Guitar,loud
✨,Sparkles,glow
🚂,Locomotive,railway train
🎁,Wrapped Gift,gift reward
🧺,Basket,basket storage
🤣,Rolling on the Floor Laughing,hysterical laughter
⚽,Soccer Ball,team ball
🗺️,World Map,map
🖼️,Framed Picture,artwork frame
🔨,Hammer,manual labor
🧼,Soap,bar of soap
💔,Broken Heart,love
🍎,Red Apple,apple snack
🔥,Fire,burning up
🔥,Fire,looking sharp
🥪,Sandwich,food
🐶,Dog Face,furry dog
🍷,Wine Glass,merlot
🌈,Rainbow,color
📡,Satellite Antenna,satellite signal
📓,Notebook,notebook diary
🛁,Bathtub,bath soak
🍎,Red Apple,healthy eating habits
🛋️,Couch and Lamp,sofa relaxing
🔦,Flashlight,battery
🥳,Partying Face,party vibes
🐱,Cat Face,food
😂,Face with Tears of Joy,comedy central
🌍,Globe Showing Europe-Africa,saving the planet
🔨,Hammer,tool for home
🍺,Beer Mug,cheers with friends
📑,Bookmark Tabs,library tool
🥳,Partying Face,let us celebrate tonight
🍔,Hamburger,dinner burger
🧹,Broom,flight
🪒,Razor,metal safety razor
🔔,Bell,bell
📂,Open File Folder,open folder
🔨,Hammer,wood hammer
🏀,Basketball,bouncing the ball
🍰,Shortcake,bakery
🛋️,Couch and Lamp,sofa
🔥,Fire,fire emoji
🔋,Battery,electrical storage
🤔,Thinking Face,wondering aloud
🚿,Shower,hygiene
🎸,Guitar,guitar music
🔦,Flashlight,emergency
🤡,Clown Face,creepy
❄️,Snowflake,water snow
🔌,Electric Plug,plug wire
🔋,Battery,battery device
🧪,Test Tube,tube chemistry
⌚,Watch,formal
📸,Camera with Flash,flash camera
🚪,Door,handle and hinges
🍰,Shortcake,food cake
📂,Open File Folder,folder
🔨,Hammer,hammer construction
🤔,Thinking Face,unsure about this
🕰️,Mantelpiece Clock,ticking
💔,Broken Heart,aching heart
🔔,Bell,sound bell
✨,Sparkles,glittering
💀,Skull,end of time
📡,Satellite Antenna,antenna
🖋️,Fountain Pen,metal pen
📑,Bookmark Tabs,markers
🏀,Basketball,ball
🚿,Shower,cleaning yourself
🍰,Shortcake,cake slice
😎,Smiling Face with Sunglasses,keeping chill
😭,Loudly Crying Face,crying hard
❄️,Snowflake,wonderland
📂,Open File Folder,work organization
🚗,Automobile,motor
📱,Mobile Phone,digital communication
📑,Bookmark Tabs,sticky tabs
🔨,Hammer,hammer wood
🔨,Hammer,nail
📓,Notebook,taking minutes
📡,Satellite Antenna,antenna communication
🧭,Compass,navigation
🌧️,Cloud with Rain,cloud
🥪,Sandwich,quick tasty lunch
🏀,Basketball,team game
🏮,Red Paper Lantern,festive light
🚀,Rocket,ambitious
🛳️,Passenger Ship,ship boat
🧸,Teddy Bear,child teddy
🙄,Face with Rolling Eyes,whatever you say
🔋,Battery,alkaline battery
🔌,Electric Plug,cable plug
🏀,Basketball,basketball sports
😍,Smiling Face with Heart-Eyes,falling for you
📚,Books,academic research
❤️,Red Heart,classic red heart shape
🙄,Face with Rolling Eyes,dismissive look
💀,Skull,extremely tired
🙄,Face with Rolling Eyes,eye roll
😭,Loudly Crying Face,waterfalls of tears
💀,Skull,inside
😎,Smiling Face with Sunglasses,smooth and relaxed vibe
🍎,Red Apple,fiber
🛳️,Passenger Ship,hotel
🛁,Bathtub,wash bath
🧸,Teddy Bear,fur
🔥,Fire,lit af
💡,Light Bulb,plan bulb
🛳️,Passenger Ship,vessel
📓,Notebook,spiral bound
🕰️,Mantelpiece Clock,vintage style
⚽,Soccer Ball,soccer game
📂,Open File Folder,digital files
😍,Smiling Face with Heart-Eyes,beautiful eyes
🧪,Test Tube,test chemistry
📚,Books,books reading
🍺,Beer Mug,alcohol
🐱,Cat Face,kitten face
🗺️,World Map,map navigation
🏮,Red Paper Lantern,paper lantern
🚗,Automobile,daily driving
🎸,Guitar,song
👍,Thumbs Up,i approve of this
🌈,Rainbow,bright
📱,Mobile Phone,pocket phone
✏️,Pencil,graphite
🕰️,Mantelpiece Clock,vintage clock
🖋️,Fountain Pen,pen writing
✈️,Airplane,plane
🛁,Bathtub,relaxation
❄️,Snowflake,chilly outdoor temp
🤡,Clown Face,joking face
🍦,Soft Serve,frozen dessert
💔,Broken Heart,heavy sadness
👍,Thumbs Up,confirm the message
📚,Books,covers
🍕,Pizza,party
🚪,Door,hinges
🛏️,Bed,comfortable sleep
🧭,Compass,directional compass
🕰️,Mantelpiece Clock,antique time
📓,Notebook,write notes
🛁,Bathtub,cleaning time
😍,Smiling Face with Heart-Eyes,heart eyes
👍,Thumbs Up,nice
🐶,Dog Face,loyal puppy
🕰️,Mantelpiece Clock,shelf clock
📱,Mobile Phone,modern technology
🛳️,Passenger Ship,crossing the sea
🚀,Rocket,moon launch
🔬,Microscope,microscope
☀️,Sun,clear blue sky
🕰️,Mantelpiece Clock,mantel clock
🐶,Dog Face,breed puppy
📸,Camera with Flash,snapping a shot
🧹,Broom,broom witch
🚗,Automobile,vehicle
📱,Mobile Phone,modern phone
📸,Camera with Flash,snapping
🐱,Cat Face,animal with claws
💡,Light Bulb,bright
📈,Chart Increasing,scaling to the top
✨,Sparkles,shimmer
🐱,Cat Face,curious
🍕,Pizza,pie pizza
📱,Mobile Phone,app phone
🔋,Battery,energy battery
🥗,Green Salad,salad green
📸,Camera with Flash,photo memories
✂️,Scissors,snipping with tool
🎈,Balloon,red
🌡️,Thermometer,thermometer digital
🌧️,Cloud with Rain,sky
🌧️,Cloud with Rain,falling
📈,Chart Increasing,progress chart
🔒,Locked,padlock
🧼,Soap,scented soap
🔑,Key,building key
⚽,Soccer Ball,soccer goals
💊,Pill,small drug pill
🔥,Fire,something is burning hot
🍎,Red Apple,red apple
📂,Open File Folder,project folder
📏,Straight Ruler,math ruler
📍,Round Pushpin,tracking mark
🧬,DNA,genes dna
🎾,Tennis,professional tennis tour
😭,Loudly Crying Face,crying time
🤡,Clown Face,fool
🧼,Soap,staying clean
🌈,Rainbow,symbol of peace
🔦,Flashlight,camping gear
📈,Chart Increasing,direction chart
🚪,Door,sign
🚂,Locomotive,locomotive
📓,Notebook,supply
🤡,Clown Face,creepy vibes
🛋️,Couch and Lamp,furniture couch
⚽,Soccer Ball,kicking the ball
📍,Round Pushpin,meet
🎸,Guitar,music
📂,Open File Folder,folder storage
✂️,Scissors,sharp
🏀,Basketball,team sports fun
✨,Sparkles,beautiful sparkling lights
🙄,Face with Rolling Eyes,so tired
✂️,Scissors,cutting paper
🙏,Folded Hands,thank you
🔥,Fire,scorching hot
💔,Broken Heart,feeling very heartbroken
😊,Smiling Face with Smiling Eyes,pleasant and cheerful mood
🎁,Wrapped Gift,gift holiday
🔬,Microscope,analysis
📡,Satellite Antenna,communication antenna
🧸,Teddy Bear,bear
✨,Sparkles,stars
🐶,Dog Face,cute puppy ears
🕰️,Mantelpiece Clock,keeping time
🎁,Wrapped Gift,surprise
🤣,Rolling on the Floor Laughing,laughing
🍎,Red Apple,orchard
🏮,Red Paper Lantern,paper red
🍕,Pizza,favorite
📍,Round Pushpin,specific place
🥗,Green Salad,salad with dressing
🏮,Red Paper Lantern,holiday
🔒,Locked,privacy
🖼️,Framed Picture,decoration frame
📱,Mobile Phone,gadget
🤔,Thinking Face,deep logic
🍕,Pizza,pizza
📚,Books,books education
🚲,Bicycle,mountain or road
✂️,Scissors,craft
🐶,Dog Face,dog furry
🍰,Shortcake,fluffy
📡,Satellite Antenna,satellite
💻,Laptop,life
🍷,Wine Glass,drink
☀️,Sun,sunny weather
🍦,Soft Serve,ice cream cone
✂️,Scissors,sewing scissors
🔒,Locked,locked lock
🛋️,Couch and Lamp,couch design
📓,Notebook,diary
🐱,Cat Face,animal
🔒,Locked,private
📏,Straight Ruler,school math tool
🔭,Telescope,observatory
🌧️,Cloud with Rain,storm and clouds
🐱,Cat Face,pointy cat ears
✂️,Scissors,metal blades
🧪,Test Tube,mixing
⌛,Hourglass Done,end
📈,Chart Increasing,moving in right direction
🏠,House,safe house
🌧️,Cloud with Rain,rainy weather
🚽,Toilet,toilet bowl
🕯️,Candle,wax
😂,Face with Tears of Joy,funny meme
🛳️,Passenger Ship,ship ocean
💊,Pill,doctor's advice
🪒,Razor,barber
🌍,Globe Showing Europe-Africa,globe earth
😴,Sleeping Face,midnight face
🛳️,Passenger Ship,travel by sea
🐱,Cat Face,claws
🎾,Tennis,yellow
🌡️,Thermometer,weather
🍰,Shortcake,pastry cake
💡,Light Bulb,glass bulb
📡,Satellite Antenna,broadcast
🔬,Microscope,laboratory equipment
⌛,Hourglass Done,waiting
🏀,Basketball,team fun
🍎,Red Apple,vitamins and fiber
🏮,Red Paper Lantern,lantern red
😂,Face with Tears of Joy,laughing non stop
🔥,Fire,trending now
😴,Sleeping Face,snoring
🎈,Balloon,shape
🍰,Shortcake,bakery fresh cake
🛁,Bathtub,water bath
📏,Straight Ruler,straight ruler
🍎,Red Apple,surface
🔋,Battery,alkaline battery
☀️,Sun,warmth sun
🖼️,Framed Picture,picture frame
💀,Skull,dead tired
✈️,Airplane,sky high travel
😭,Loudly Crying Face,i can't stop weeping
😊,Smiling Face with Smiling Eyes,friendly greeting for you
🤣,Rolling on the Floor Laughing,peak comedy
✈️,Airplane,jet
🛋️,Couch and Lamp,lounge couch
😭,Loudly Crying Face,absolute grief
☕,Hot Beverage,coffee
🐱,Cat Face,curious feline face
🍎,Red Apple,apple eating
📈,Chart Increasing,stock
📸,Camera with Flash,capturing
⚽,Soccer Ball,kicking
🌡️,Thermometer,weather heat
⌚,Watch,smart device
🌍,Globe Showing Europe-Africa,saving
💔,Broken Heart,shattered heart
🚽,Toilet,water toilet
📡,Satellite Antenna,technology link
🛋️,Couch and Lamp,tv
🎸,Guitar,chords
🔦,Flashlight,handheld light
🛋️,Couch and Lamp,cushions
🧹,Broom,cleaning tool
🏀,Basketball,dribbling ball
🚿,Shower,wet
✏️,Pencil,pencil drawing
🌧️,Cloud with Rain,outside
😴,Sleeping Face,resting
🛏️,Bed,mattress
🎁,Wrapped Gift,birthday
🧪,Test Tube,tube liquid
🔭,Telescope,telescope
⌚,Watch,watch device
🛏️,Bed,pillow bed
😊,Smiling Face with Smiling Eyes,smiling eyes
😍,Smiling Face with Heart-Eyes,i absolutely adore this
📈,Chart Increasing,profits are rising
💰,Money Bag,profit and earnings
🔌,Electric Plug,charging
🚂,Locomotive,engine locomotive
🔦,Flashlight,flashlight bright
🔬,Microscope,science microscope
🚂,Locomotive,rail train
🕯️,Candle,candle romantic
📑,Bookmark Tabs,bookmark
😊,Smiling Face with Smiling Eyes,cheerful spirit
🧼,Soap,soap clean
🥗,Green Salad,lettuce and spinach
🧭,Compass,guide for travel
🔔,Bell,alarm
🍦,Soft Serve,cream
🧹,Broom,sweeping up dust
📡,Satellite Antenna,communication
🚂,Locomotive,metal
🧸,Teddy Bear,teddy
🤔,Thinking Face,thinking cap on
🤔,Thinking Face,pondering the future
🔨,Hammer,repair hammer
🔒,Locked,protection and safety
☕,Hot Beverage,caffeine
⌚,Watch,ticking
🍕,Pizza,food
🏀,Basketball,orange ball
📡,Satellite Antenna,antenna satellite
✨,Sparkles,fresh
🥳,Partying Face,festive vibes
💀,Skull,morbid
☕,Hot Beverage,steam
📈,Chart Increasing,direction
🪒,Razor,bathroom accessory
🔋,Battery,low battery life
🖋️,Fountain Pen,ink
🛏️,Bed,mattress and pillow
😴,Sleeping Face,bed
🔌,Electric Plug,socket and plug
🍺,Beer Mug,beer
📑,Bookmark Tabs,tabs tool
🔭,Telescope,space
🎁,Wrapped Gift,present
🌧️,Cloud with Rain,storm
🏀,Basketball,dunking on the net
✈️,Airplane,pilot cabin
🧹,Broom,handle
🔔,Bell,classic
✏️,Pencil,office supply
📂,Open File Folder,file folder
⌛,Hourglass Done,gravity
🥳,Partying Face,confetti and joy
🛋️,Couch and Lamp,lounge
⌚,Watch,watch ticking
😭,Loudly Crying Face,crying emoji
📏,Straight Ruler,ruler math
🍔,Hamburger,meat burger
😍,Smiling Face with Heart-Eyes,so cute
☀️,Sun,shining sun
🧬,DNA,dna spiral
✨,Sparkles,magical fairy dust
🔌,Electric Plug,outlet
🔋,Battery,power
📸,Camera with Flash,photographer
☀️,Sun,bright sun
🤣,Rolling on the Floor Laughing,ridiculous
🔨,Hammer,fix hammer
🌡️,Thermometer,medical thermometer
🛁,Bathtub,deep water wash
🚽,Toilet,flushing toilet
🛁,Bathtub,soaking in water
😂,Face with Tears of Joy,oh my god lol
🍔,Hamburger,lunch burger
💔,Broken Heart,grief
🍔,Hamburger,seeds
✨,Sparkles,luxury
🔥,Fire,hot and spicy
🔒,Locked,security
🤣,Rolling on the Floor Laughing,laughing hard
🔦,Flashlight,flashlight tool
🍕,Pizza,sauce
🌈,Rainbow,arc
🍕,Pizza,italian food
🚂,Locomotive,railway locomotive
🏮,Red Paper Lantern,lantern paper
💻,Laptop,tech laptop
🥗,Green Salad,vegetable
🚿,Shower,shower hot
🔋,Battery,battery power
🤡,Clown Face,scary face
🚀,Rocket,high speed travel
🔭,Telescope,stars watch
👍,Thumbs Up,okay
💻,Laptop,laptop screen open
🕰️,Mantelpiece Clock,clock vintage
📑,Bookmark Tabs,sticky tabs
🧸,Teddy Bear,soft toy bear
🛋️,Couch and Lamp,home couch
🐶,Dog Face,dog friend
💡,Light Bulb,finding a solution
🎈,Balloon,light and airy
🔋,Battery,storage battery
🚪,Door,gate
🔌,Electric Plug,socket
😊,Smiling Face with Smiling Eyes,positive vibes
🍔,Hamburger,patty
🖋️,Fountain Pen,calligraphy tool
📑,Bookmark Tabs,page marking
⌛,Hourglass Done,sand glass
📂,Open File Folder,file data
🔌,Electric Plug,electricity plug
📡,Satellite Antenna,receiving signals
🍷,Wine Glass,wine merit
☀️,Sun,yellow
✂️,Scissors,scissors craft
😊,Smiling Face with Smiling Eyes,friendly smile
🤔,Thinking Face,internal dialogue
🍺,Beer Mug,beer mug
🥳,Partying Face,happy times
🔬,Microscope,microscope biology
🗺️,World Map,study
❤️,Red Heart,stay in love
🌡️,Thermometer,degree of heat
🌡️,Thermometer,cold thermometer
🪒,Razor,razor blade
🛋️,Couch and Lamp,couch
🎾,Tennis,yellow ball
🛳️,Passenger Ship,ship sea
📑,Bookmark Tabs,categorizing info
🔋,Battery,source
✏️,Pencil,writing and drawing
🍎,Red Apple,apple red
🐶,Dog Face,friendly pet face
📂,Open File Folder,data folder
☕,Hot Beverage,beverage
📏,Straight Ruler,measurement scale
📏,Straight Ruler,ruler
❤️,Red Heart,i heart you
🏠,House,residential
🛁,Bathtub,soaking bath
🐱,Cat Face,cat whiskers
😍,Smiling Face with Heart-Eyes,fan boy
😊,Smiling Face with Smiling Eyes,joyful soul
🧬,DNA,complex spiral
📈,Chart Increasing,business is doing well
🎈,Balloon,decoration
💊,Pill,pill pharmacy
🛁,Bathtub,soaking
🔋,Battery,charging the device
📚,Books,study books
🌈,Rainbow,nature colors
😍,Smiling Face with Heart-Eyes,looking amazing
🤣,Rolling on the Floor Laughing,laughing out loud
💊,Pill,chemical
📂,Open File Folder,file
💻,Laptop,device
🚂,Locomotive,smoke
🙏,Folded Hands,respect
🛏️,Bed,sleeping
🎈,Balloon,festive balloon
🌧️,Cloud with Rain,wet
🍦,Soft Serve,snack at the beach
✂️,Scissors,project scissors
🖼️,Framed Picture,painting frame
🚀,Rocket,results
🔥,Fire,that outfit is lit
❄️,Snowflake,water snowflake
🥗,Green Salad,plant
🍰,Shortcake,cake piece
🤣,Rolling on the Floor Laughing,giggle fit
🤡,Clown Face,you are being silly
🎾,Tennis,baseline
🔥,Fire,hot track
😂,Face with Tears of Joy,cant stop laughing
🥗,Green Salad,meal
🚀,Rocket,power launch
📡,Satellite Antenna,antenna signals
🚿,Shower,routine
🐱,Cat Face,soft fur pet
😭,Loudly Crying Face,sad face
😎,Smiling Face with Sunglasses,boss
🖼️,Framed Picture,hanging art
📸,Camera with Flash,moment
🔥,Fire,fire in the sky
💡,Light Bulb,creativity bulb
🍷,Wine Glass,deep red liquid
🔨,Hammer,metal
🚀,Rocket,ambitious power
🚪,Door,wooden door
🍺,Beer Mug,drinking cold beer
🤣,Rolling on the Floor Laughing,funny as hell
🖋️,Fountain Pen,pen elegant
📈,Chart Increasing,growth
📚,Books,student books
😴,Sleeping Face,exhausted and out
🔥,Fire,on a hot streak
🥪,Sandwich,deli
🖼️,Framed Picture,museum art
💻,Laptop,remote laptop
📱,Mobile Phone,digital mobile
🔒,Locked,locked access
📈,Chart Increasing,business vibes
🧺,Basket,woven storage
🎈,Balloon,decoration balloon
✨,Sparkles,prestige
🥪,Sandwich,meal
🙏,Folded Hands,namaste yoga
🍷,Wine Glass,red
🏠,House,cozy
🛁,Bathtub,bathtub soap
🛏️,Bed,bed sleep
🙄,Face with Rolling Eyes,annoyed face
🥪,Sandwich,sandwich lunch
✂️,Scissors,supplies
🕯️,Candle,vigil
☀️,Sun,bright sunny day
🛋️,Couch and Lamp,interior design
🐶,Dog Face,friendly dog
🏠,House,estate
🙄,Face with Rolling Eyes,whatever dude
🏮,Red Paper Lantern,holiday light
🔬,Microscope,tool microscope
💔,Broken Heart,trust
💻,Laptop,business
🥪,Sandwich,lunch sandwich
😴,Sleeping Face,midnight
📱,Mobile Phone,technology phone
🚗,Automobile,wheels and engine
📍,Round Pushpin,location mark
🐱,Cat Face,domestic cat head
🚿,Shower,shower head
🔨,Hammer,nail hammer
🧼,Soap,soap hands
💰,Money Bag,prosperity
🖋️,Fountain Pen,fountain ink
🪒,Razor,hair razor
☕,Hot Beverage,warm liquid drink
🕯️,Candle,romantic lighting
😭,Loudly Crying Face,sad vibes
🚗,Automobile,garage parked car
❤️,Red Heart,heart and soul
🎈,Balloon,rubber
🔨,Hammer,repair and fix
💡,Light Bulb,idea bulb
🚽,Toilet,flushing water
📓,Notebook,journal entry
🚂,Locomotive,funnel
😂,Face with Tears of Joy,funny story
🔨,Hammer,hand hammer
🥪,Sandwich,tasty
🚀,Rocket,blast
📂,Open File Folder,folder organization
🔔,Bell,golden
💰,Money Bag,dollar
🔒,Locked,shut
📱,Mobile Phone,smartphone phone
🛳️,Passenger Ship,ship water
📏,Straight Ruler,construction ruler
🍺,Beer Mug,foam
😎,Smiling Face with Sunglasses,energy only
🔔,Bell,alert bell
🛁,Bathtub,wash
🧸,Teddy Bear,memory
🌧️,Cloud with Rain,rain
🌈,Rainbow,variety
🍎,Red Apple,shiny fruit surface
📓,Notebook,notebook paper
🧺,Basket,shopping basket
⚽,Soccer Ball,match
✨,Sparkles,magical day
🤔,Thinking Face,questioning the logic
🍎,Red Apple,apple skin
💰,Money Bag,earnings bag
⌚,Watch,formal watch
⌚,Watch,watch track
🪒,Razor,sharp
😂,Face with Tears of Joy,great punchline
💡,Light Bulb,yellow
😍,Smiling Face with Heart-Eyes,fan girl
🤡,Clown Face,scary clown
🎁,Wrapped Gift,holiday gift
💔,Broken Heart,unrequited
🖋️,Fountain Pen,stationary
📍,Round Pushpin,geo mark
🙄,Face with Rolling Eyes,so over it
🎸,Guitar,work
✈️,Airplane,vacation
🌈,Rainbow,bright light
🤡,Clown Face,mockery
🤡,Clown Face,foolishness
🛋️,Couch and Lamp,decor couch
😊,Smiling Face with Smiling Eyes,peaceful mind
💰,Money Bag,bag of cash
🪒,Razor,grooming routine
🔋,Battery,battery electronic
😂,Face with Tears of Joy,peak humor
📡,Satellite Antenna,waves
🚿,Shower,shower head
🚀,Rocket,space travel ship
🛁,Bathtub,water soak
🚲,Bicycle,health
🔥,Fire,spicy take
🧪,Test Tube,tube testing
🧭,Compass,path finding
🎁,Wrapped Gift,package
🚿,Shower,hot shower
🤣,Rolling on the Floor Laughing,ground
🙄,Face with Rolling Eyes,i am so annoyed
🚪,Door,handle
🔭,Telescope,tool
🔬,Microscope,discovery and study
😂,Face with Tears of Joy,stop it im crying
📓,Notebook,paper notebook
🐱,Cat Face,whiskers
✏️,Pencil,art pencil
⚽,Soccer Ball,game
📂,Open File Folder,open file
🚿,Shower,washing body
🍰,Shortcake,sweets
🚗,Automobile,motor car
📚,Books,love for reading
🔭,Telescope,planet watching
🐶,Dog Face,breed dog
🥪,Sandwich,food sandwich
📡,Satellite Antenna,antenna dish
🚀,Rocket,project
🚿,Shower,hot water stream
🗺️,World Map,charting a path
🎈,Balloon,child's birthday
☕,Hot Beverage,caffeine boost
🤔,Thinking Face,making a choice
📈,Chart Increasing,positive trend
🔒,Locked,locked
🔥,Fire,orange and yellow flames
📈,Chart Increasing,success
💡,Light Bulb,light idea
🏮,Red Paper Lantern,red light
🚿,Shower,bathroom
🚲,Bicycle,bike path ride
🌧️,Cloud with Rain,day
🏮,Red Paper Lantern,lantern holiday
🖼️,Framed Picture,decoration
🌈,Rainbow,after rain
✈️,Airplane,flying on vacation
💻,Laptop,typing laptop
✈️,Airplane,traveling
🍕,Pizza,cheesy pizza
🧬,DNA,science and life
😍,Smiling Face with Heart-Eyes,amazing view
🏠,House,indoor house
💊,Pill,pill pharmacy
🕯️,Candle,soft candle flame
✏️,Pencil,office
📈,Chart Increasing,scaling
🗺️,World Map,map geography
🚀,Rocket,power
💰,Money Bag,coins
🕰️,Mantelpiece Clock,clock mechanical
🐶,Dog Face,playing dog
❄️,Snowflake,snowflake crystal
🔋,Battery,device
🛁,Bathtub,bathroom relaxation
🗺️,World Map,travel
📸,Camera with Flash,visual
📑,Bookmark Tabs,tab bookmark
🍰,Shortcake,sweet cake
🤔,Thinking Face,i am wondering about that
🥪,Sandwich,slice sandwich
✏️,Pencil,graphite lead tip
😴,Sleeping Face,slumber face
🔦,Flashlight,flashlight handheld
💀,Skull,life
🍦,Soft Serve,cone
🌍,Globe Showing Europe-Africa,nature
🥪,Sandwich,quick sandwich
🧸,Teddy Bear,decor
🚿,Shower,shower bathroom
📈,Chart Increasing,improving every day
🎈,Balloon,floating party decoration
🐶,Dog Face,dog friendly
📡,Satellite Antenna,space communication
🍕,Pizza,cheesy crust pizza
🍷,Wine Glass,romantic evening toast
🔒,Locked,privacy is on
🕯️,Candle,candle lamp
🔭,Telescope,tool telescope
📂,Open File Folder,office
❄️,Snowflake,delicate
💻,Laptop,developer laptop
🤔,Thinking Face,undecided
✨,Sparkles,magic
🐶,Dog Face,domestic dog breed
🕰️,Mantelpiece Clock,time clock
❤️,Red Heart,falling in love
🌍,Globe Showing Europe-Africa,travel
✈️,Airplane,soaring in clouds
📍,Round Pushpin,meet here
🌍,Globe Showing Europe-Africa,news
🎸,Guitar,concert guitar
🖼️,Framed Picture,frame art
🍎,Red Apple,apple garden
🔦,Flashlight,tool
😎,Smiling Face with Sunglasses,sunny vibes
🚪,Door,entry door
🚲,Bicycle,bike travel
🛏️,Bed,sleeping bed
✨,Sparkles,glowing skin
🍷,Wine Glass,toast
🚿,Shower,daily routine
🏠,House,real estate asset
🎈,Balloon,party supply
🌡️,Thermometer,digital
✨,Sparkles,shine
🍰,Shortcake,dessert cake
🧬,DNA,dna genetic
🔔,Bell,crowd
🚀,Rocket,fast growth
😴,Sleeping Face,sleepy face
🧪,Test Tube,science tube
🔔,Bell,bell shape
🧭,Compass,dial
🥗,Green Salad,raw vegetable mix
✈️,Airplane,airport and runway
🧹,Broom,broom tool
☕,Hot Beverage,boost hot
❄️,Snowflake,frozen
🍎,Red Apple,teacher
🚲,Bicycle,bike
🔌,Electric Plug,power
😍,Smiling Face with Heart-Eyes,i am lovestruck
🍎,Red Apple,apple habits
⌛,Hourglass Done,measured
💰,Money Bag,dollar bag
📑,Bookmark Tabs,bookmark tool
🔋,Battery,battery charging
🔋,Battery,battery source
🥗,Green Salad,health salad
✈️,Airplane,trip
✈️,Airplane,airport runway
😍,Smiling Face with Heart-Eyes,amazing style
🔑,Key,finding the answer
🕯️,Candle,candle glow
💻,Laptop,web
🛁,Bathtub,spa
🧹,Broom,tool broom
📍,Round Pushpin,location pin
👍,Thumbs Up,good job
🧬,DNA,genetic code
🍦,Soft Serve,delicious
🧸,Teddy Bear,bear brown
🧬,DNA,traits
😎,Smiling Face with Sunglasses,sunglasses emoji
❤️,Red Heart,deep heart
❤️,Red Heart,red love
🏠,House,house family
🚂,Locomotive,iron
🤡,Clown Face,a total joke
🤣,Rolling on the Floor Laughing,cant stop laughing
🛋️,Couch and Lamp,light
✂️,Scissors,project
🏀,Basketball,basketball net
🧸,Teddy Bear,plushie
🎈,Balloon,celebration balloon
🥳,Partying Face,great vibes
🏀,Basketball,day excitement
🧬,DNA,research
🔔,Bell,sound of music
🥪,Sandwich,cheese
🤣,Rolling on the Floor Laughing,funniest
🔑,Key,secret key
🚀,Rocket,progress
🔥,Fire,on a roll
📂,Open File Folder,file open
🏮,Red Paper Lantern,celebration
🕰️,Mantelpiece Clock,old clock
🛏️,Bed,rest bed
🍔,Hamburger,cheese burger
😴,Sleeping Face,sleep
✈️,Airplane,flying airplane
📱,Mobile Phone,calling
📓,Notebook,ideas
🛁,Bathtub,warm water bath
📏,Straight Ruler,ruler tool
🤡,Clown Face,performer
📂,Open File Folder,folder file
🙄,Face with Rolling Eyes,impatient vibe
🛋️,Couch and Lamp,relaxing
🔬,Microscope,laboratory
🤣,Rolling on the Floor Laughing,laughing fit
🔥,Fire,campfire vibes
⌚,Watch,watch wrist
🚪,Door,door hinges
🍦,Soft Serve,soft cream
🔋,Battery,cell
🚗,Automobile,four door sedan
🚲,Bicycle,cycling
🥗,Green Salad,lettuce salad
🚂,Locomotive,metal train
📍,Round Pushpin,map point
📚,Books,books library
🪒,Razor,tool razor
💔,Broken Heart,aching vibes
🌧️,Cloud with Rain,water for plants
🔑,Key,secret to life
😴,Sleeping Face,dreaming face
😊,Smiling Face with Smiling Eyes,content
🍔,Hamburger,bun burger
🤔,Thinking Face,reconsidering
😴,Sleeping Face,sleep face
🥳,Partying Face,celebrate
🍺,Beer Mug,mug
🔑,Key,key metal
🔒,Locked,keeping things safe
🤡,Clown Face,funny weird
✨,Sparkles,sparkly clean
📑,Bookmark Tabs,marking the page
😭,Loudly Crying Face,crying in the club
🛏️,Bed,pillow
🧼,Soap,germ killer
🔭,Telescope,sky watch
🏮,Red Paper Lantern,decorative lamp
☀️,Sun,sunrise
🌍,Globe Showing Europe-Africa,community earth
🍷,Wine Glass,spirit wine
🥳,Partying Face,festive and fun times
🧬,DNA,medicine dna
🎁,Wrapped Gift,box
⌛,Hourglass Done,ancient
🍺,Beer Mug,cold
🖼️,Framed Picture,artistic expression
🔌,Electric Plug,cord plug
🥗,Green Salad,plant salad
❄️,Snowflake,temp
🔨,Hammer,work hammer
🍎,Red Apple,snack apple
🙄,Face with Rolling Eyes,disbelief
💊,Pill,small pill
🍕,Pizza,delicious melted cheese
📍,Round Pushpin,destination
📱,Mobile Phone,smartphone
📚,Books,learn books
💔,Broken Heart,deep sorrow
🎈,Balloon,balloon party
🙏,Folded Hands,namaste
🔒,Locked,private lock
🙄,Face with Rolling Eyes,disbelief vibes
😎,Smiling Face with Sunglasses,beach vibes
🎸,Guitar,loud music vibes
💰,Money Bag,earnings
☕,Hot Beverage,drink
🌍,Globe Showing Europe-Africa,global world view
🍔,Hamburger,juicy beef burger
🗺️,World Map,geography map
🚗,Automobile,transport
😊,Smiling Face with Smiling Eyes,glowing with inner peace
⚽,Soccer Ball,soccer team
😴,Sleeping Face,quiet
🌈,Rainbow,colors
💡,Light Bulb,glowing bulb
🪒,Razor,razor hair
💰,Money Bag,money coins
📓,Notebook,notebook writing
🤔,Thinking Face,curious mind
💻,Laptop,keyboard typing
🔔,Bell,school bell ring
🐱,Cat Face,cat fur
✨,Sparkles,shine on
🧼,Soap,cleaning
🧬,DNA,science dna
🚀,Rocket,travel
📚,Books,education
🧸,Teddy Bear,animal
✏️,Pencil,pencil
🚲,Bicycle,bike vehicle
🔨,Hammer,hammer tool
🌡️,Thermometer,thermometer medical
🏮,Red Paper Lantern,red lantern
🌧️,Cloud with Rain,sad weather vibes
📓,Notebook,spiral
🛳️,Passenger Ship,hull
🧭,Compass,finding north
🙏,Folded Hands,blessing
💻,Laptop,software life
🧬,DNA,biological helix
🌧️,Cloud with Rain,grey sky rain
⌛,Hourglass Done,task time
🍷,Wine Glass,relaxing with alcohol
🚗,Automobile,travel by motor
🚪,Door,door opening
🌡️,Thermometer,thermometer temperature
✂️,Scissors,scissors sharp
🚪,Door,indoor
🍎,Red Apple,red
😴,Sleeping Face,sleepy
😍,Smiling Face with Heart-Eyes,eyes full of hearts
📂,Open File Folder,data folder
🚗,Automobile,commute
✨,Sparkles,something shiny and new
📍,Round Pushpin,i'm here
💊,Pill,health pill
🌈,Rainbow,rain
⚽,Soccer Ball,world
🚂,Locomotive,engine on tracks
🧭,Compass,north
❤️,Red Heart,beautiful soul
🖋️,Fountain Pen,signature pen
🌧️,Cloud with Rain,outside rain
💡,Light Bulb,solution
💡,Light Bulb,bulb
🙏,Folded Hands,blessed
🥪,Sandwich,snack
📡,Satellite Antenna,signal data
🙄,Face with Rolling Eyes,whatever
✏️,Pencil,pencil writing
🌈,Rainbow,colorful sky
🍰,Shortcake,celebrating with sweets
🏮,Red Paper Lantern,paper
🛁,Bathtub,bathtub water
🚪,Door,entry
🔌,Electric Plug,connecting to power
🍔,Hamburger,beef
🔭,Telescope,telescope astronomy
😍,Smiling Face with Heart-Eyes,amazing beauty
⌚,Watch,punctuality and schedule
🚿,Shower,hot
🍷,Wine Glass,wine sophisticated
🏮,Red Paper Lantern,decor
😴,Sleeping Face,exhausted
💡,Light Bulb,moment bulb
😂,Face with Tears of Joy,rolling on the floor laughing
🌧️,Cloud with Rain,sad
✨,Sparkles,cleaning and glowing
💔,Broken Heart,lonely vibes
🎈,Balloon,flying in air
✏️,Pencil,graphite pencil
💰,Money Bag,money bag
🔔,Bell,golden bell shape
✨,Sparkles,glow up
🚿,Shower,cleaning
🎈,Balloon,air
🔨,Hammer,metal hammer head
🎈,Balloon,symbol
🧼,Soap,water
⌚,Watch,time
☕,Hot Beverage,drink mug
🔋,Battery,device battery
🖼️,Framed Picture,art frame
🔭,Telescope,lens
☕,Hot Beverage,boost
🐱,Cat Face,cat kitty
🧸,Teddy Bear,teddy animal
😎,Smiling Face with Sunglasses,feeling cool and confident
🤣,Rolling on the Floor Laughing,rofl
🧬,DNA,double helix dna
🤡,Clown Face,mockery face
😂,Face with Tears of Joy,tears of laughter
💔,Broken Heart,pieces of a heart
🐶,Dog Face,man
🔋,Battery,green
🙏,Folded Hands,thank you from bottom of heart
🧺,Basket,wicker
🐶,Dog Face,ears
🧭,Compass,explorer
🐱,Cat Face,kitty cat
🌧️,Cloud with Rain,umbrella
🔬,Microscope,lens microscope
🛋️,Couch and Lamp,watching tv
🥪,Sandwich,cheese sandwich
📸,Camera with Flash,light
🤔,Thinking Face,deep thought and pondering
📸,Camera with Flash,camera photo
🚪,Door,door gate
🚀,Rocket,growth
🔋,Battery,storage
🧪,Test Tube,solutions
🔋,Battery,life battery
❄️,Snowflake,skiing and skating
💊,Pill,small
🏀,Basketball,dribbling the rock
☕,Hot Beverage,warm
🕰️,Mantelpiece Clock,classic clock
🚲,Bicycle,outdoor bike
🙄,Face with Rolling Eyes,frustration face
🧹,Broom,broom manual
🎈,Balloon,celebration
🚽,Toilet,toilet flushing
🍕,Pizza,junk food for dinner
🔋,Battery,cell battery
🕯️,Candle,emergency
🔌,Electric Plug,electricity source
🤡,Clown Face,clown face
🔥,Fire,absolute fire
🚂,Locomotive,historical travel
📱,Mobile Phone,phone technology
⌛,Hourglass Done,sand timer
🥳,Partying Face,celebration time
😎,Smiling Face with Sunglasses,sunny
✂️,Scissors,blades
🐶,Dog Face,barking
🍺,Beer Mug,ale
🧪,Test Tube,scientific testing
😭,Loudly Crying Face,this is so unfair
📑,Bookmark Tabs,tabs page
✏️,Pencil,draft
🥳,Partying Face,party time
🔭,Telescope,sky exploration
⌛,Hourglass Done,hourglass sand
🍎,Red Apple,healthy apple
🌈,Rainbow,diversity
💻,Laptop,coding
✂️,Scissors,scissors metal
🧬,DNA,biological dna
💡,Light Bulb,moment
🚀,Rocket,space
🤔,Thinking Face,serious thought
🎸,Guitar,band guitar
📱,Mobile Phone,mobile
😂,Face with Tears of Joy,dying inside laughing
🤣,Rolling on the Floor Laughing,comedy
🥳,Partying Face,confetti
🔋,Battery,battery
🍔,Hamburger,fast meal
🛋️,Couch and Lamp,livingroom couch
🤣,Rolling on the Floor Laughing,that is absolutely hysterical
📸,Camera with Flash,shutter camera
🌡️,Thermometer,climate thermometer
📱,Mobile Phone,phone
❄️,Snowflake,flake
🤡,Clown Face,colorful paint
✈️,Airplane,jet flight
🚲,Bicycle,road bike
⌚,Watch,smart
📡,Satellite Antenna,radio waves
🧼,Soap,soap water
🔔,Bell,ringing for attention
🎁,Wrapped Gift,holiday
🛏️,Bed,lying
🔌,Electric Plug,hardware cord
🔋,Battery,battery storage
🔦,Flashlight,portable lamp
🍎,Red Apple,fruit
🖋️,Fountain Pen,elegant writing
🛁,Bathtub,bathroom
🥗,Green Salad,eating fresh greens
🥗,Green Salad,vegetable salad
💔,Broken Heart,end of a relationship
☀️,Sun,sunny morning
🖋️,Fountain Pen,flow
🖋️,Fountain Pen,pen fountain
🧬,DNA,dna
❤️,Red Heart,i adore this
🌍,Globe Showing Europe-Africa,global community
🧺,Basket,harvest
🚽,Toilet,bowl
🕰️,Mantelpiece Clock,fashioned
🛏️,Bed,bed sheets
🧺,Basket,items
🎾,Tennis,tour
🌍,Globe Showing Europe-Africa,world globe
🧹,Broom,tidy up house
📡,Satellite Antenna,tv broadcast
✈️,Airplane,international travel
🍷,Wine Glass,wine glass
💔,Broken Heart,relationship
🔥,Fire,look is lit
🎸,Guitar,player
🍷,Wine Glass,wine alcohol
🔨,Hammer,renovation
🕰️,Mantelpiece Clock,antique
📍,Round Pushpin,map pin
🙏,Folded Hands,prayer time
🚂,Locomotive,smoke from funnel
🧹,Broom,sweep room
😂,Face with Tears of Joy,laughing face
📏,Straight Ruler,scale
🤔,Thinking Face,thinking about it
💻,Laptop,remote work office
🔨,Hammer,hammer home
📱,Mobile Phone,phone gadget
🔥,Fire,stay spicy and hot
☀️,Sun,daylight
💔,Broken Heart,lonely
🏀,Basketball,sports ball
🧪,Test Tube,test
🤣,Rolling on the Floor Laughing,the funniest thing today
🛳️,Passenger Ship,water transport
🧼,Soap,washing
🚽,Toilet,hygiene toilet
🧺,Basket,laundry basket
🧪,Test Tube,tube experiment
🌍,Globe Showing Europe-Africa,environment and nature
🚗,Automobile,red car
🔒,Locked,locked padlock
🖋️,Fountain Pen,pen signature
⌚,Watch,checking watch
📚,Books,school supplies
🧸,Teddy Bear,cuddly toy
🏠,House,architecture
☕,Hot Beverage,hot drink break
🏮,Red Paper Lantern,lantern festive
🍦,Soft Serve,sweet
🧪,Test Tube,lab
🍺,Beer Mug,craft beer taste
🕰️,Mantelpiece Clock,clock
🔨,Hammer,driving a nail
📈,Chart Increasing,making huge progress
✂️,Scissors,metal scissors
🍎,Red Apple,crunchy red skin
🔦,Flashlight,light
💰,Money Bag,money dollar
📈,Chart Increasing,growth vibes
🎸,Guitar,guitar player
🍰,Shortcake,party food slice
🔋,Battery,electronic energy
🔬,Microscope,medical testing
👍,Thumbs Up,great work on that
😊,Smiling Face with Smiling Eyes,warm
🍦,Soft Serve,soft
🛁,Bathtub,bathtub bubbles
🛋️,Couch and Lamp,lamp couch
🍷,Wine Glass,party wine
💻,Laptop,developer
🎸,Guitar,strumming the chords
🙄,Face with Rolling Eyes,impatient
💰,Money Bag,dollar sign bag
🍷,Wine Glass,grapes
🍺,Beer Mug,beer glass
🤡,Clown Face,circus vibes
🗺️,World Map,navigation map
🤣,Rolling on the Floor Laughing,hurting
👍,Thumbs Up,good job well done
👍,Thumbs Up,alright
📡,Satellite Antenna,transmission
🌈,Rainbow,luck and magic
🧪,Test Tube,tube glass
🚂,Locomotive,railway transport
🛳️,Passenger Ship,ship travel
📏,Straight Ruler,school
🥗,Green Salad,diet
🛋️,Couch and Lamp,cozy corner
😍,Smiling Face with Heart-Eyes,crazy in love with it
📑,Bookmark Tabs,library tabs
🔑,Key,key building
🗺️,World Map,planning a trip
🌈,Rainbow,wonder
🔭,Telescope,planet telescope
😴,Sleeping Face,quiet face
😭,Loudly Crying Face,miserable day
❤️,Red Heart,big red heart
👍,Thumbs Up,cool beans
🧬,DNA,structure dna
💻,Laptop,device laptop
🐱,Cat Face,cat kitten
🧼,Soap,bathroom supply
☀️,Sun,beautiful daylight
🗺️,World Map,path map
🎁,Wrapped Gift,special delivery
😭,Loudly Crying Face,heart is broken
🧹,Broom,witch's flight
📍,Round Pushpin,specific place found
🛏️,Bed,sleeping at night
🔬,Microscope,lab microscope
⚽,Soccer Ball,field
🍷,Wine Glass,vineyard and grapes
☕,Hot Beverage,cozy hot
🪒,Razor,grooming tool
🍰,Shortcake,cream cake
💊,Pill,pill health
👍,Thumbs Up,yes please
🕯️,Candle,old fashioned lamp
💊,Pill,drug capsule
🧬,DNA,dna helix
🧺,Basket,picnic basket
🐶,Dog Face,loyal pet animal
🔌,Electric Plug,plug cord
🧬,DNA,dna genes
🛏️,Bed,bedroom bed
🛏️,Bed,place to rest
🍷,Wine Glass,sophisticated drink
🔔,Bell,music
🤡,Clown Face,making a mockery
🌈,Rainbow,luck sign
🔑,Key,security and access
😂,Face with Tears of Joy,laughing emojis
🐱,Cat Face,kitten cat
🍷,Wine Glass,vineyard
🗺️,World Map,view
🏠,House,house property
🏠,House,property home
🪒,Razor,edge
☕,Hot Beverage,hot tea
🗺️,World Map,world
💔,Broken Heart,sad
🛳️,Passenger Ship,ocean
🧹,Broom,wooden handle
🔥,Fire,doing great
❤️,Red Heart,lovely vibes
🔨,Hammer,repair
🧭,Compass,orienting oneself
📏,Straight Ruler,precision
🔌,Electric Plug,wall plug wire
🤡,Clown Face,funny but weird
🧹,Broom,floor
😂,Face with Tears of Joy,absolute clowning
🎾,Tennis,racket ball
🌧️,Cloud with Rain,rain drop
🥪,Sandwich,food for picnic
🌧️,Cloud with Rain,storm rain
🚿,Shower,bathroom hygiene
🔔,Bell,calling the crowd
💻,Laptop,browsing laptop
🌡️,Thermometer,thermometer
💀,Skull,dead inside today
💡,Light Bulb,creativity
🔬,Microscope,biology
🍰,Shortcake,strawberry cake
💻,Laptop,office
🧭,Compass,magnetic compass
🍦,Soft Serve,sugar
🚲,Bicycle,bike road
🎾,Tennis,tennis hobby
🔥,Fire,high temp
🔑,Key,building
❤️,Red Heart,the symbol of love
🤔,Thinking Face,curiouser and curiouser
🎾,Tennis,court
⌚,Watch,time device
🤔,Thinking Face,brain power
🙏,Folded Hands,a gesture of gratitude
🎾,Tennis,racket and court
💀,Skull,dead
😂,Face with Tears of Joy,that is the funniest thing ever
🧺,Basket,laundry basket
✈️,Airplane,soaring
🍔,Hamburger,hungry
🥳,Partying Face,joy
🤡,Clown Face,funny
🤡,Clown Face,someone acting like a fool
⚽,Soccer Ball,soccer sport
🧹,Broom,sweeping the room
🍎,Red Apple,healthy fruit snack
🌍,Globe Showing Europe-Africa,saving earth
🛏️,Bed,bed pillow
🛳️,Passenger Ship,maritime
🍔,Hamburger,tasty burger
📑,Bookmark Tabs,study tabs
😴,Sleeping Face,dreaming bed
🔔,Bell,ring
🧺,Basket,wicker basket
📱,Mobile Phone,phone app
🙏,Folded Hands,please do me a favor
🔔,Bell,hearing the chime
🥪,Sandwich,ham
🔔,Bell,notification
😴,Sleeping Face,sleeping
🍕,Pizza,italian
⌚,Watch,punctuality watch
👍,Thumbs Up,awesome
💔,Broken Heart,broken vibe
🧪,Test Tube,laboratory glass
💰,Money Bag,success
🥗,Green Salad,healthy
🍰,Shortcake,cake sweet
🗺️,World Map,explorer
🔨,Hammer,heavy hand tool
📏,Straight Ruler,ruler tool
🌧️,Cloud with Rain,rainy sky
✏️,Pencil,pencil wooden
🛏️,Bed,lying down
🚪,Door,closing
📏,Straight Ruler,measuring
📍,Round Pushpin,area
😎,Smiling Face with Sunglasses,relaxed mood
🚲,Bicycle,health bike
🪒,Razor,grooming
🧸,Teddy Bear,bear child
🚿,Shower,clean shower
🙏,Folded Hands,thank you lord
🍎,Red Apple,apple healthy
😊,Smiling Face with Smiling Eyes,joy
🍎,Red Apple,forbidden
🧹,Broom,floor broom
💻,Laptop,technology and internet
💻,Laptop,keyboard
🎸,Guitar,string
🔑,Key,unlocking
🔒,Locked,padlock lock
🎁,Wrapped Gift,gift present
🤣,Rolling on the Floor Laughing,rolling
📏,Straight Ruler,straight
🍺,Beer Mug,time
🔨,Hammer,home hammer
🛳️,Passenger Ship,sea
📱,Mobile Phone,calling and texting
🔥,Fire,pure fire
📚,Books,books research
🤔,Thinking Face,doubtful face
📈,Chart Increasing,stock chart
🚂,Locomotive,tracks train
📍,Round Pushpin,i am right here
🍎,Red Apple,story
🎁,Wrapped Gift,reward gift
🛋️,Couch and Lamp,decor
🌈,Rainbow,peace
🤔,Thinking Face,what if
😭,Loudly Crying Face,so much grief
✏️,Pencil,tip
📓,Notebook,office supply
🔌,Electric Plug,electricity
🔔,Bell,attention bell
🚂,Locomotive,tracks
🥪,Sandwich,prepared cold meal
✂️,Scissors,tailoring clothes
😍,Smiling Face with Heart-Eyes,so handsome
🎾,Tennis,playing a match
✨,Sparkles,a touch of magic
🥪,Sandwich,sandwich meal
🔒,Locked,locked private
🧭,Compass,travel
📓,Notebook,writing notes
🎁,Wrapped Gift,gift birthday
🚀,Rocket,high results
🍦,Soft Serve,sugar treat
🍔,Hamburger,burger
🛳️,Passenger Ship,boat sailing
☀️,Sun,hot
🔒,Locked,access lock
🌈,Rainbow,bright and happy
💊,Pill,pharmacy pill
🎁,Wrapped Gift,gift surprise
😴,Sleeping Face,bed face
🔦,Flashlight,camping
🎁,Wrapped Gift,celebratory package
🎾,Tennis,court ball
🚗,Automobile,commute car
💊,Pill,medical pill
🧪,Test Tube,chemistry experiment
🎸,Guitar,guitar
🧸,Teddy Bear,bear fur
🧺,Basket,carrying items
🖋️,Fountain Pen,ink writing
🎁,Wrapped Gift,gift box
🔔,Bell,shape
😊,Smiling Face with Smiling Eyes,soft smile
💻,Laptop,software laptop
🤡,Clown Face,total joke
🧼,Soap,slippery
🍺,Beer Mug,cheers beer
🎾,Tennis,net
☕,Hot Beverage,breakfast hot
🍕,Pizza,food for a party
📍,Round Pushpin,geographic point
💀,Skull,morbid funny
☕,Hot Beverage,drink coffee
🗺️,World Map,travel map
🔭,Telescope,exploration telescope
📓,Notebook,pages
☀️,Sun,warmth
📂,Open File Folder,file records
☕,Hot Beverage,steam rising up
🤣,Rolling on the Floor Laughing,so hilarious
🗺️,World Map,oceans
🔬,Microscope,science
📓,Notebook,notes
☀️,Sun,desert sun rays
🌈,Rainbow,hope sign
🐶,Dog Face,man's best friend
✈️,Airplane,air travel
😊,Smiling Face with Smiling Eyes,energy
🔑,Key,answer key
👍,Thumbs Up,good one
🏀,Basketball,orange
☕,Hot Beverage,breakfast
🎈,Balloon,round
💊,Pill,medicine capsule
🤡,Clown Face,scary circus clown
🧺,Basket,food
😎,Smiling Face with Sunglasses,sharp
💀,Skull,skeleton bones
📍,Round Pushpin,map
🚗,Automobile,transport on road
🌡️,Thermometer,fever and health
🚂,Locomotive,old steam train
🙄,Face with Rolling Eyes,boring talk
💡,Light Bulb,glowing
😍,Smiling Face with Heart-Eyes,pure adoration
⚽,Soccer Ball,sports equipment
❄️,Snowflake,frozen snow
🪒,Razor,smooth
🧬,DNA,double
🗺️,World Map,trip map
🌈,Rainbow,hope and pride
🎸,Guitar,band
😊,Smiling Face with Smiling Eyes,kindness
😊,Smiling Face with Smiling Eyes,joyful
😴,Sleeping Face,midnight slumber
🚗,Automobile,engine
✂️,Scissors,tailoring
🔑,Key,key lock
🎁,Wrapped Gift,holiday season giving
🍷,Wine Glass,elegant dinner party
🚲,Bicycle,exercise bike
📚,Books,learning and education
📡,Satellite Antenna,antenna waves
💡,Light Bulb,i have an idea
🕰️,Mantelpiece Clock,mechanical clock
🐶,Dog Face,animal
🔦,Flashlight,light flashlight
📂,Open File Folder,project documents
🙏,Folded Hands,grateful
💀,Skull,dying
👍,Thumbs Up,plan
🎸,Guitar,electric guitar solo
🛁,Bathtub,bathtub
🧼,Soap,hands soap
🔦,Flashlight,emergency flashlight
🔭,Telescope,looking at stars
✏️,Pencil,tool
🥳,Partying Face,having a great time
🏀,Basketball,scoring three points
🛳️,Passenger Ship,sailing on ocean
🏀,Basketball,fun
✈️,Airplane,international
🔔,Bell,sound
🍕,Pizza,triangle
🚿,Shower,falling water drops
🥗,Green Salad,clean eating lifestyle
🧪,Test Tube,test tube
🏠,House,rest
💻,Laptop,remote
🧺,Basket,basket picnic
🚪,Door,frame
🔬,Microscope,biology lab tool
💡,Light Bulb,glass
🛏️,Bed,sleep tight
🔑,Key,opening
💀,Skull,funny
📚,Books,books knowledge
🍷,Wine Glass,dining
🥳,Partying Face,fun times
🤔,Thinking Face,thinking face emoji
🌍,Globe Showing Europe-Africa,world earth
🍎,Red Apple,garden apple
🧼,Soap,cleaning soap
✨,Sparkles,magical glitters
❄️,Snowflake,falling
📍,Round Pushpin,found area
❤️,Red Heart,marriage and love
📚,Books,learning books
🍦,Soft Serve,beach
😎,Smiling Face with Sunglasses,shades
🧺,Basket,picnic
🚽,Toilet,toilet facility
🕰️,Mantelpiece Clock,vintage time
🚲,Bicycle,path bike
😴,Sleeping Face,dreaming
🧹,Broom,bristles
🎁,Wrapped Gift,gift
🔨,Hammer,hammer nail
💔,Broken Heart,end of us
💀,Skull,spooky vibes
📓,Notebook,notebook office
🛋️,Couch and Lamp,comfortable
🚽,Toilet,toilet bathroom
🎸,Guitar,guitar chords
🛋️,Couch and Lamp,comfortable sofa
📂,Open File Folder,data
🔬,Microscope,microscope research
📱,Mobile Phone,mobile app usage
🧭,Compass,needle compass
🏮,Red Paper Lantern,lamp
📸,Camera with Flash,shutter
🚀,Rocket,space travel
🏠,House,building house
💡,Light Bulb,smart thinking moment
🧸,Teddy Bear,teddy bear
🙄,Face with Rolling Eyes,sarcasm face
🖋️,Fountain Pen,nib pen
🧬,DNA,structure
❤️,Red Heart,deep connection
🚽,Toilet,room
📓,Notebook,journal notebook
🗺️,World Map,tool
🥗,Green Salad,food salad
🌧️,Cloud with Rain,wet cloud
😍,Smiling Face with Heart-Eyes,mesmerized by the beauty
🚀,Rocket,rocket launch
👍,Thumbs Up,correct
☕,Hot Beverage,relaxing with tea
🙄,Face with Rolling Eyes,sarcasm vibe
💻,Laptop,online business tasks
🚽,Toilet,facility
🛏️,Bed,soft bed sheets
🥗,Green Salad,raw
📏,Straight Ruler,cm
🙄,Face with Rolling Eyes,impatient person
😴,Sleeping Face,go to bed
🔒,Locked,protection lock
🐶,Dog Face,dog
🥳,Partying Face,party animal mode
🧸,Teddy Bear,cuddly teddy
🧸,Teddy Bear,plushie teddy
📚,Books,reading books
🌍,Globe Showing Europe-Africa,environment earth
🪒,Razor,razor sharp
🤣,Rolling on the Floor Laughing,funny
🎁,Wrapped Gift,birthday gift box
🎈,Balloon,red round shape
🍦,Soft Serve,kids
🛋️,Couch and Lamp,relaxing at home
🎁,Wrapped Gift,ribbon
📚,Books,stack of reading
📂,Open File Folder,digital
🧬,DNA,life
📂,Open File Folder,records
🍰,Shortcake,treat cake
🙏,Folded Hands,hoping
🏮,Red Paper Lantern,celebration lantern
✨,Sparkles,bright
📱,Mobile Phone,technology
✨,Sparkles,sparkles emoji
☀️,Sun,bright
📚,Books,library books
🔔,Bell,classic bell
💔,Broken Heart,sad lonely
🔒,Locked,login
🎈,Balloon,balloon red
🌍,Globe Showing Europe-Africa,international news
🪒,Razor,sharp edge
🔑,Key,key
✨,Sparkles,sparkly
🚀,Rocket,launch sky
😍,Smiling Face with Heart-Eyes,so dreamy
✏️,Pencil,tool pencil
🧭,Compass,compass navigation
🙄,Face with Rolling Eyes,boring
🌡️,Thermometer,cold
🧪,Test Tube,research tube
🥪,Sandwich,layered food item
📏,Straight Ruler,line
🚂,Locomotive,travel
🍦,Soft Serve,frozen
🍰,Shortcake,treat
🖋️,Fountain Pen,ink pen
🔑,Key,key success
🐱,Cat Face,independent pet animal
✏️,Pencil,sketching
💀,Skull,dying of laughter
✨,Sparkles,shiny and new
📱,Mobile Phone,device phone
🍺,Beer Mug,craft
🐶,Dog Face,pet
🍕,Pizza,pie
📱,Mobile Phone,phone modern
❄️,Snowflake,flake snowflake
🚽,Toilet,toilet plumbing
📈,Chart Increasing,scaling top
👍,Thumbs Up,sounds good
🔔,Bell,chime
🧹,Broom,sweep floor
🧸,Teddy Bear,comfort toy
⌛,Hourglass Done,time hourglass
🪒,Razor,shaving razor
🚀,Rocket,engine start
😂,Face with Tears of Joy,lmfao
😴,Sleeping Face,slumber
🥗,Green Salad,healthy salad
🍦,Soft Serve,white cream swirl
🚀,Rocket,start
🪒,Razor,sharp blade tool
💀,Skull,spooky
📑,Bookmark Tabs,organization
🧼,Soap,hygiene soap
📡,Satellite Antenna,dish antenna
⌛,Hourglass Done,counting
🧭,Compass,tool
🔨,Hammer,project
💰,Money Bag,financial
😍,Smiling Face with Heart-Eyes,looking at something beautiful
📓,Notebook,diary notebook
🚪,Door,house
🏠,House,neighborhood
📍,Round Pushpin,pushpin
🔔,Bell,shape bell
✏️,Pencil,drawing
📏,Straight Ruler,tool
✈️,Airplane,pilot and cabin
🔋,Battery,battery energy
🔭,Telescope,stars telescope
🎾,Tennis,volley tennis
📏,Straight Ruler,line ruler
🎸,Guitar,making a song
💡,Light Bulb,new invention plan
👍,Thumbs Up,fine
🔔,Bell,bell ring
🍺,Beer Mug,glass beer
🚲,Bicycle,human powered vehicle
🔌,Electric Plug,energy
😍,Smiling Face with Heart-Eyes,total babe
🚪,Door,wooden door frame
🕯️,Candle,candle light
🖼️,Framed Picture,picture painting
⚽,Soccer Ball,cup ball
📸,Camera with Flash,smile
🛳️,Passenger Ship,ship passenger
🚽,Toilet,toilet restroom
🪒,Razor,razor safety
⌛,Hourglass Done,timer
✂️,Scissors,office supplies
🚂,Locomotive,train tracks
💔,Broken Heart,pieces
😊,Smiling Face with Smiling Eyes,happiness
🧭,Compass,instrument
🛏️,Bed,soft
🌈,Rainbow,pride
🕯️,Candle,emergency light
📚,Books,education books
🍺,Beer Mug,ale beer
🏮,Red Paper Lantern,lantern lamp
🛁,Bathtub,cleaning
🤣,Rolling on the Floor Laughing,laughing until it hurts
🧼,Soap,bathroom
😂,Face with Tears of Joy,too funny
🛏️,Bed,soft bed
🚪,Door,opening or closing
🍕,Pizza,i am hungry for italian
📂,Open File Folder,holding data
🚪,Door,exit door
🔒,Locked,digital
💀,Skull,skeleton vibes
🛳️,Passenger Ship,vacation on water
💰,Money Bag,jackpot bag
🎈,Balloon,balloon shape
🎸,Guitar,guitar time
🌡️,Thermometer,medical
🍕,Pizza,pizza slice
🏮,Red Paper Lantern,paper lamp
🛳️,Passenger Ship,boat passenger
🍰,Shortcake,berries
✂️,Scissors,scissors paper
🔭,Telescope,distant object view
🔭,Telescope,science
🔨,Hammer,renovation project
💻,Laptop,office laptop
🍺,Beer Mug,pub
🧭,Compass,compass gear
🚀,Rocket,ship
🛳️,Passenger Ship,transport
💔,Broken Heart,shattered love and trust
💻,Laptop,screen
📸,Camera with Flash,camera flash
🔑,Key,entering the building
🥪,Sandwich,deli sandwich
🕯️,Candle,candle
💰,Money Bag,money success
💀,Skull,humorously dying
🌍,Globe Showing Europe-Africa,globe view
🔭,Telescope,astronomy telescope
😊,Smiling Face with Smiling Eyes,cheerful
🧸,Teddy Bear,teddy brown
🔒,Locked,login lock
⌚,Watch,seconds
⌚,Watch,wrist
🚗,Automobile,vehicle car
🔋,Battery,green energy bar
🗺️,World Map,navigation tool
🥳,Partying Face,special day
🧹,Broom,broom floor
💔,Broken Heart,loss vibes
🛳️,Passenger Ship,luxury cruise ship
🔨,Hammer,construction
⌚,Watch,formal wrist wear
🏀,Basketball,jersey ball
🍔,Hamburger,fries burger
🧹,Broom,dust broom
⌚,Watch,device
🧬,DNA,molecule structure
🏠,House,building for family
😭,Loudly Crying Face,emotional wreck right now
🍺,Beer Mug,alcohol beer
🏮,Red Paper Lantern,red paper
🎈,Balloon,string balloon
⚽,Soccer Ball,world cup sport
☀️,Sun,light
🔌,Electric Plug,electrical outlet
❄️,Snowflake,skiing
🔌,Electric Plug,socket plug
🧪,Test Tube,glass
✈️,Airplane,air flight
🤣,Rolling on the Floor Laughing,losing it from laughter
🌧️,Cloud with Rain,pouring from clouds
📸,Camera with Flash,photography
🔔,Bell,bell chime
🛳️,Passenger Ship,ship sailing
🧭,Compass,magnetic
🍷,Wine Glass,wine relax
🌧️,Cloud with Rain,storm cloud
🚽,Toilet,toilet water
🎈,Balloon,party
🚀,Rocket,moon travel
⌛,Hourglass Done,hourglass
🤣,Rolling on the Floor Laughing,extreme joy
🍰,Shortcake,sweet
📱,Mobile Phone,electronic gadget
😭,Loudly Crying Face,so much misery
🗺️,World Map,paper map
🏠,House,architecture and roof
🔑,Key,secret
🛳️,Passenger Ship,ship cruise
📈,Chart Increasing,success vibes
🌍,Globe Showing Europe-Africa,nature earth
🔌,Electric Plug,wire
🎈,Balloon,party balloon
🚗,Automobile,steering the wheel
🥗,Green Salad,green salad
🤣,Rolling on the Floor Laughing,comedy gold
📑,Bookmark Tabs,library
💊,Pill,pill drug
🗺️,World Map,explorer's tool
🖋️,Fountain Pen,elegant pen
🗺️,World Map,geography
🎁,Wrapped Gift,gift offering
😴,Sleeping Face,drifting off to sleep
🧸,Teddy Bear,huggable toy
🧹,Broom,broom
🙄,Face with Rolling Eyes,eye roll emoji
📡,Satellite Antenna,signal transmission
🌈,Rainbow,luck
🪒,Razor,grooming razor
📸,Camera with Flash,light camera
🕯️,Candle,glowing
⚽,Soccer Ball,soccer match
🚽,Toilet,toilet seat
🪒,Razor,razor bathroom
📈,Chart Increasing,increasing chart
🔦,Flashlight,bright
🐶,Dog Face,dog animal
🔬,Microscope,research microscope
🎸,Guitar,stage
🎸,Guitar,stage guitar
💀,Skull,ghost vibes
🧬,DNA,ancestry
🛏️,Bed,night bed
🎸,Guitar,playing guitar
😎,Smiling Face with Sunglasses,sunglasses
📡,Satellite Antenna,dish antenna
🍺,Beer Mug,cold lager mug
🎸,Guitar,rehearsal
🧺,Basket,weave
😊,Smiling Face with Smiling Eyes,inner peace
🍔,Hamburger,meat patty
🧪,Test Tube,chemicals tube
🍔,Hamburger,bun with sesame seeds
🎈,Balloon,toy balloon
🛁,Bathtub,bath water
✏️,Pencil,writing
🏀,Basketball,bouncing
🛋️,Couch and Lamp,corner
🙄,Face with Rolling Eyes,here we go again
🤡,Clown Face,joke
🧼,Soap,soap hygiene
🚲,Bicycle,vehicle
📏,Straight Ruler,ruler school
🤣,Rolling on the Floor Laughing,giggles
🚀,Rocket,launch
🎸,Guitar,acoustic guitar
🍷,Wine Glass,glass wine
📸,Camera with Flash,flash
🚿,Shower,drops
⌚,Watch,watch
🏮,Red Paper Lantern,cultural lantern
☀️,Sun,outdoor
🤣,Rolling on the Floor Laughing,extreme humor
🤡,Clown Face,circus performer
🙄,Face with Rolling Eyes,dismissive facial expression
🔭,Telescope,science of stars
🧹,Broom,cleaning broom
🐱,Cat Face,feline cat
💊,Pill,chemical medicine
🍰,Shortcake,fluffy baked cake
✂️,Scissors,hobby
🏠,House,home
🛏️,Bed,bed sleep
❄️,Snowflake,white
🏮,Red Paper Lantern,symbol
🌈,Rainbow,hope
🍔,Hamburger,dinner to go
😊,Smiling Face with Smiling Eyes,pleasant
🧼,Soap,bubbles
🚀,Rocket,engine
🚿,Shower,shower bath
📚,Books,books student
❤️,Red Heart,dating life
🧺,Basket,basket laundry
📑,Bookmark Tabs,sticky
🔭,Telescope,planet
🚪,Door,entering the room
🛳️,Passenger Ship,sailing
🍺,Beer Mug,bar and pub
🧹,Broom,cleaning
🎈,Balloon,string
🧬,DNA,genetic dna
🥳,Partying Face,time
🎾,Tennis,grand slam game
🚪,Door,opening
🌧️,Cloud with Rain,rainy day
💰,Money Bag,bag
🎈,Balloon,child balloon
🖋️,Fountain Pen,professional signature
🏠,House,cozy house
😍,Smiling Face with Heart-Eyes,so sweet
🚲,Bicycle,pedaling on road
📚,Books,hardback
🙏,Folded Hands,please help
📍,Round Pushpin,specific point
🤡,Clown Face,foolish vibes
🚽,Toilet,item
🔭,Telescope,telescope lens
✏️,Pencil,yellow wood
📚,Books,literature
🏀,Basketball,day
🔑,Key,key answer
🔭,Telescope,lens and tripod
🐱,Cat Face,cat lover vibes
📡,Satellite Antenna,space
🔌,Electric Plug,turning it on
📍,Round Pushpin,tracking
🚂,Locomotive,transport history
📓,Notebook,office
🎁,Wrapped Gift,season
💔,Broken Heart,end of love
🤣,Rolling on the Floor Laughing,rofl emoji
😎,Smiling Face with Sunglasses,dark glasses
🙏,Folded Hands,begging
🎾,Tennis,tennis game
📏,Straight Ruler,measurement ruler
🍔,Hamburger,bun
🔑,Key,lock key
🚪,Door,open door
🕯️,Candle,wax candle
🛏️,Bed,bedroom item
💊,Pill,advice pill
🚿,Shower,shower bathroom
🌧️,Cloud with Rain,rain cloud
🔦,Flashlight,night flashlight
🙏,Folded Hands,respectful
🧼,Soap,soap
❄️,Snowflake,unique
📈,Chart Increasing,market chart
📍,Round Pushpin,point
⌛,Hourglass Done,ancient timer
😎,Smiling Face with Sunglasses,ice cool
🧺,Basket,basket wicker
🔬,Microscope,study microscope
🤔,Thinking Face,hmm not quite sure
🍦,Soft Serve,cold vanilla dessert
👍,Thumbs Up,feedback
🌡️,Thermometer,cold or hot
💀,Skull,bones
🕯️,Candle,lamp
🔑,Key,metal key
🎾,Tennis,tennis serve
☀️,Sun,daylight sun
🎈,Balloon,red balloon
😊,Smiling Face with Smiling Eyes,happy heart
⚽,Soccer Ball,black
😴,Sleeping Face,snoring while resting
🥳,Partying Face,animal
😍,Smiling Face with Heart-Eyes,puppy love
💊,Pill,health wellness
🌍,Globe Showing Europe-Africa,space globe
🔔,Bell,bell music
🔒,Locked,locked secure
🎸,Guitar,rock music
🪒,Razor,hair
🚽,Toilet,bathroom fixture
😊,Smiling Face with Smiling Eyes,warmth
🎾,Tennis,tennis
🚗,Automobile,road car
🔋,Battery,life
🚂,Locomotive,historical
🕰️,Mantelpiece Clock,old fashioned
✨,Sparkles,twinkling
📓,Notebook,supply notebook
🚪,Door,passage
❄️,Snowflake,cold winter weather
💻,Laptop,business laptop
😊,Smiling Face with Smiling Eyes,kind
😭,Loudly Crying Face,tears everywhere
😍,Smiling Face with Heart-Eyes,heart eyes for you
🏮,Red Paper Lantern,traditional lamp
🚗,Automobile,road
🎸,Guitar,electric
✏️,Pencil,school
📑,Bookmark Tabs,helper
🥪,Sandwich,cold
🔥,Fire,intense heat
🙏,Folded Hands,showing high respect
📍,Round Pushpin,tracking spot
🎁,Wrapped Gift,wrapped box
🐶,Dog Face,face
🖼️,Framed Picture,visual art
🥪,Sandwich,sandwich
🥗,Green Salad,food
🔌,Electric Plug,powering the machine
✂️,Scissors,office scissors
☀️,Sun,weather
☀️,Sun,summer sun
🌈,Rainbow,colorful
📚,Books,knowledge source
❄️,Snowflake,falling white snow
🔦,Flashlight,night light
👍,Thumbs Up,yes sir
🚽,Toilet,toilet bowl
🍕,Pizza,italian pizza
📸,Camera with Flash,moment capture
🤔,Thinking Face,mind at work
🚪,Door,barrier or gate
📈,Chart Increasing,huge progress
📏,Straight Ruler,length
🍎,Red Apple,teacher's pet gift
❤️,Red Heart,so much passion
🚲,Bicycle,bike path
🏠,House,property house
🧹,Broom,tool
😭,Loudly Crying Face,crying for you
🍰,Shortcake,cake bakery
❄️,Snowflake,winter snow
⚽,Soccer Ball,soccer ball
✂️,Scissors,metal
🖼️,Framed Picture,decorative frame
💔,Broken Heart,heartbroken
🔒,Locked,login required
🍺,Beer Mug,friends
🚲,Bicycle,gears
📱,Mobile Phone,modern
😂,Face with Tears of Joy,uncontrollable laughing fit
👍,Thumbs Up,agree
🎸,Guitar,concert on stage
🛁,Bathtub,porcelain tub
📍,Round Pushpin,fixed location mark
🚽,Toilet,porcelain seat
🚲,Bicycle,eco friendly travel
🎈,Balloon,shape balloon
⚽,Soccer Ball,exercise
🔒,Locked,closed padlock
🙏,Folded Hands,spiritual connection
🛁,Bathtub,clean bath
🐱,Cat Face,kitty kitten
🔦,Flashlight,bright light
🥗,Green Salad,vegan
🙏,Folded Hands,gratitude vibes
✂️,Scissors,pair of shears
🧼,Soap,slippery and wet
😍,Smiling Face with Heart-Eyes,crushing on this look
🔦,Flashlight,search tool
🧹,Broom,wood broom
💡,Light Bulb,smart bulb
🚀,Rocket,rocket
🥳,Partying Face,festive time
🍔,Hamburger,meal
🍷,Wine Glass,party
🧭,Compass,compass travel
❄️,Snowflake,chilly
😂,Face with Tears of Joy,i am howling
🤡,Clown Face,clown vibes
😎,Smiling Face with Sunglasses,stylish vibes
😴,Sleeping Face,feeling very sleepy
💔,Broken Heart,end of road
🧺,Basket,organizing home
❤️,Red Heart,i love this so much
🖋️,Fountain Pen,signature
🍔,Hamburger,cravings burger
🧹,Broom,broom wood
🚀,Rocket,launch project
🪒,Razor,sharp razor
😂,Face with Tears of Joy,im weak
🎸,Guitar,rock
🥗,Green Salad,diet salad
🛏️,Bed,mattress bed
📸,Camera with Flash,work
🏠,House,indoor living space
🍎,Red Apple,apple a day
😎,Smiling Face with Sunglasses,chill
⌛,Hourglass Done,sand hourglass
🕰️,Mantelpiece Clock,hour
🥪,Sandwich,ham sandwich
📓,Notebook,student
🚪,Door,passage way
🪒,Razor,shop
💻,Laptop,working laptop
📡,Satellite Antenna,tv
🌍,Globe Showing Europe-Africa,maps
🍷,Wine Glass,fine dining spirit
🍺,Beer Mug,taste beer
📱,Mobile Phone,pocket phone
🚲,Bicycle,riding bike
🎾,Tennis,racket
🚀,Rocket,moon
🧬,DNA,biological
😂,Face with Tears of Joy,tears streaming
🧼,Soap,scented
🔌,Electric Plug,charging plug
✂️,Scissors,sewing
🚲,Bicycle,bike ride
💀,Skull,i am dead
🛳️,Passenger Ship,vacation
🌧️,Cloud with Rain,pouring rain
😭,Loudly Crying Face,tears of pain
⌛,Hourglass Done,period
👍,Thumbs Up,thumbs up
😍,Smiling Face with Heart-Eyes,crush alert
🧪,Test Tube,experiment
🥳,Partying Face,great time
📂,Open File Folder,open
🚗,Automobile,car commute
📸,Camera with Flash,flash light
🧭,Compass,directional
🧪,Test Tube,medical tube
🔋,Battery,rechargeable
🖼️,Framed Picture,museum
✈️,Airplane,airplane flight
🤣,Rolling on the Floor Laughing,can't stop the giggles
🐱,Cat Face,lover
🔑,Key,access
🧬,DNA,hereditary traits
🏠,House,safe
🍦,Soft Serve,summer treat
🖼️,Framed Picture,museum piece
📂,Open File Folder,organizing
🤔,Thinking Face,let me think deeply
🍕,Pizza,junk
🖼️,Framed Picture,art wall
🚽,Toilet,seat
😭,Loudly Crying Face,lonely heart
💀,Skull,skeleton head
🏠,House,living
🎁,Wrapped Gift,ribbon gift
🥗,Green Salad,salad bowl
🪒,Razor,blade razor
🔨,Hammer,hammer head
😴,Sleeping Face,exhausted out
🤔,Thinking Face,puzzling over this
🚪,Door,indoor entrance
🔌,Electric Plug,power plug
📈,Chart Increasing,trend chart
🍔,Hamburger,lunch time cravings
😭,Loudly Crying Face,tears streaming down face
🚿,Shower,bath shower
🔦,Flashlight,torch
⌚,Watch,watch accessory
📸,Camera with Flash,photo camera
✂️,Scissors,cutting paper
📓,Notebook,notebook blank
⌚,Watch,minutes watch
🔋,Battery,power battery
🖼️,Framed Picture,frame
📡,Satellite Antenna,link
🍔,Hamburger,hungry for meat
✂️,Scissors,sewing and craft
🔒,Locked,secure
🌡️,Thermometer,fever thermometer
🖼️,Framed Picture,visual
😭,Loudly Crying Face,feeling lost
🖼️,Framed Picture,wall decoration
🚪,Door,door room
☀️,Sun,hot sun
🍕,Pizza,pizza pie
🛏️,Bed,bed
🚪,Door,door sign
🔨,Hammer,hammer
🍦,Soft Serve,beach snack
🥳,Partying Face,horn
🖋️,Fountain Pen,professional signature
🔋,Battery,electrical
🔭,Telescope,stars
🚂,Locomotive,railway
🚀,Rocket,engine power
😎,Smiling Face with Sunglasses,boss energy only
😎,Smiling Face with Sunglasses,sunny day
⚽,Soccer Ball,sport
🧼,Soap,killer
❄️,Snowflake,crystal snowflake
😊,Smiling Face with Smiling Eyes,sweet smile
🙄,Face with Rolling Eyes,are you kidding
👍,Thumbs Up,approved
🔦,Flashlight,emergency light
🌡️,Thermometer,glass
🚿,Shower,shower wash
☕,Hot Beverage,mug
🎁,Wrapped Gift,gift gesture
❤️,Red Heart,my sweetheart
🎸,Guitar,string guitar
🍔,Hamburger,american food
✨,Sparkles,brightness
🧭,Compass,compass
🍦,Soft Serve,vanilla
👍,Thumbs Up,i agree with you
🙄,Face with Rolling Eyes,here we go
🚿,Shower,shower stream
💡,Light Bulb,shining light source
😍,Smiling Face with Heart-Eyes,obsession and deep love
😂,Face with Tears of Joy,joke was a ten
🖼️,Framed Picture,item
📏,Straight Ruler,inches and cm
🌍,Globe Showing Europe-Africa,international
🛳️,Passenger Ship,boat ocean
📸,Camera with Flash,bright camera
🙄,Face with Rolling Eyes,totally unimpressed
🏠,House,asset
🙏,Folded Hands,namaste greeting
🔥,Fire,heat is on
🐱,Cat Face,kitten whiskers
💡,Light Bulb,brilliant mental spark
🚗,Automobile,car engine
🪒,Razor,cutting hair
🔔,Bell,alarm bell
😎,Smiling Face with Sunglasses,cool face
🤣,Rolling on the Floor Laughing,laughing like crazy
🧬,DNA,helix
📡,Satellite Antenna,tower
✈️,Airplane,air
🧺,Basket,carrying
🔭,Telescope,telescope planet
🌡️,Thermometer,thermometer heat
📡,Satellite Antenna,technology
⚽,Soccer Ball,soccer world
🍷,Wine Glass,wine liquid
🏮,Red Paper Lantern,holiday lantern
🍷,Wine Glass,wine drink
💔,Broken Heart,broken heart
🏀,Basketball,playing a hoop game
🧸,Teddy Bear,childhood memory
✏️,Pencil,writing pencil
💔,Broken Heart,unrequited love
💀,Skull,dead inside
⌛,Hourglass Done,waiting over
🔥,Fire,burning coal
🥪,Sandwich,bread sandwich
🍺,Beer Mug,cheers
🙄,Face with Rolling Eyes,here we go
✏️,Pencil,hand
🚽,Toilet,restroom
🥳,Partying Face,joyful
🍺,Beer Mug,bar
✈️,Airplane,trip flight
💻,Laptop,software developer life
😭,Loudly Crying Face,hurting inside
✂️,Scissors,craft scissors
✈️,Airplane,flight
☀️,Sun,morning sun
🚽,Toilet,toilet item
🔌,Electric Plug,charging cable
🪒,Razor,razor grooming
☕,Hot Beverage,hot coffee
📂,Open File Folder,work
💡,Light Bulb,invention
🎸,Guitar,talented guitar player
🔑,Key,unlocking the door
🌈,Rainbow,beautiful nature colors
🎾,Tennis,sports exercise
🔭,Telescope,telescope stars
🔑,Key,access key
🖼️,Framed Picture,wall
🔭,Telescope,sky telescope
⌚,Watch,keeping on track
🧸,Teddy Bear,comfort
🚿,Shower,shower
🥪,Sandwich,lunch deli sandwich
🤡,Clown Face,joking
☕,Hot Beverage,drink tea
📈,Chart Increasing,stock up
🗺️,World Map,map world
🧼,Soap,washing hands
📓,Notebook,notebook pages
❤️,Red Heart,passion and romance
🧬,DNA,dna science
🔨,Hammer,hammer metal
☕,Hot Beverage,cocoa hot
🤔,Thinking Face,wait what
🚂,Locomotive,long distance rail
🧺,Basket,basket farm
🕰️,Mantelpiece Clock,classic
🕯️,Candle,warm glowing light
🛋️,Couch and Lamp,sitting in livingroom
🧺,Basket,farm harvest
💀,Skull,spooky season
📚,Books,source
🍕,Pizza,ordering a large pie
🚽,Toilet,household item
☀️,Sun,sun
🛋️,Couch and Lamp,home
🔔,Bell,metal bell
📑,Bookmark Tabs,organization tool
🍔,Hamburger,grilled meat patty
🛁,Bathtub,tub bath
🌍,Globe Showing Europe-Africa,our planet earth
🚿,Shower,head
😂,Face with Tears of Joy,pure comedy
🕯️,Candle,romantic
🍔,Hamburger,fries
🍦,Soft Serve,treat for kids
🧭,Compass,gear
✏️,Pencil,art
🍰,Shortcake,sugar
🍔,Hamburger,american burger
📏,Straight Ruler,drawing ruler
🛋️,Couch and Lamp,reading light
