customer_id,name,age,email,state
115b3bf5-c86c-4e88-a039-b12c130fb6f0,Courtney Webb,26,ryan44@example.org,Colorado
070c1dbf-f925-4233-b707-8d7c78326bf6,Andrew Williams,66,josewhitney@example.org,Nevada
af81ec9c-b3fb-47f5-ba72-957761f5b5fb,Paul Harris,55,crobinson@example.org,Hawaii
2e9dbfab-495d-4d8c-9ab2-078e34b522e2,Allison Williams,23,angela66@example.org,Missouri
372e43b3-73d1-4c88-ae14-2d74547c8ff6,Francisco Wilson,24,alexanderson@example.net,Indiana
088e0e7d-8b71-41eb-b5a6-436948cd695c,Steven Gonzalez,69,ubrown@example.com,North Carolina
3f578c01-4133-4830-a97b-419c53492289,Lawrence Klein,35,john79@example.net,South Dakota
27984e89-0b67-4819-affd-c92c14039888,Meghan Lindsey,26,anthonyschwartz@example.org,Montana
5313bb8b-aa8e-474c-8d20-52b299bfc193,Julia Wright,38,qshaw@example.net,Massachusetts
bc094ab8-d07d-4bd5-bdaf-fca4e3fe2b90,April Douglas,31,dnguyen@example.net,Illinois
71fe6fea-5d57-4a50-9440-9d10b19e2bbf,Angela Alexander,69,smartin@example.com,Maryland
749063de-1009-4af8-9955-879245d34142,Pamela Franco,61,evan54@example.net,Wisconsin
694ac878-4093-4c49-a048-4bcddf496e3c,Samantha Rodriguez,59,theresa54@example.net,California
3368921c-5d0c-4a46-854c-ac97b6d371f0,Richard Castro,62,ehall@example.com,Louisiana
3ec3e1fb-004c-4b98-ace1-c0743647a5ff,Breanna Rosario,64,gfreeman@example.com,Kentucky
2df929b4-ea57-41c5-b30b-914dfd06b914,Christopher Smith,60,andres92@example.com,Mississippi
865dc4a7-5555-438a-a6fb-0ab2b3e57edc,Veronica Peterson,25,edward55@example.net,Mississippi
d2b17fa2-4c34-46c7-97ad-e92785f56a26,Kyle Rogers,50,martinfrancisco@example.com,Massachusetts
426b3dc8-4d8e-4113-8526-a5e9d1335070,Yvonne Wilson,52,bethdavis@example.net,Iowa
2c97b2fd-e57d-418b-9cb9-74cb7694bf5d,Larry Nolan,33,blake86@example.com,Oregon
d6bf4f10-af8c-434d-b848-a096e307ce8a,Jennifer Guerrero,37,anthonywilson@example.net,Missouri
511c494c-8651-4ff6-9c6e-b601ed978214,Laura Holder,38,durhammelinda@example.net,Indiana
c50d647d-6784-48cf-8a13-b667428194b9,Kim Roy,38,webbphillip@example.net,Oklahoma
edae1894-a869-4d4c-9600-13f2c0ce04dc,Terry Moore,41,mark20@example.org,Virginia
5da9c50e-88c4-4cce-bfb6-9014920e9f31,Mark Austin,47,paulwilliams@example.net,Delaware
da6fc98c-9b4f-446e-a85d-68f3778445dc,Paula Patel,59,dfloyd@example.net,Kansas
40bb9793-6165-452f-b2d2-09fa5258b9ad,Anthony Parsons,43,jwilliamson@example.net,Mississippi
563a8ee3-59e9-4b69-9171-7d39bb62cb84,Tammy Cortez,48,adamsims@example.com,Florida
502c157f-3554-4326-bfee-674b47a4270f,Linda Watkins,43,william34@example.org,Delaware
b2f9b011-4f79-4392-851d-47c3ebb8d528,Wendy Benson,53,usmith@example.org,Rhode Island
f255097d-f336-4418-9cb8-a277c02e8899,Alison Lee,37,debradavis@example.net,Alaska
29dbbf80-f4dc-4e09-9563-169341cc6924,Stanley Arroyo,57,carterkathy@example.net,Idaho
96c376e7-49e5-4b72-91fa-3b2e4003f39c,Amanda Pacheco,66,amy02@example.net,Delaware
a09082da-39d0-49ac-a6a5-341f818bbbfc,Jessica Ramos,43,patriciagutierrez@example.org,Utah
86a0aac0-e5a7-4c76-a929-7d36c199241c,David Lam,19,patriciariley@example.org,Ohio
d9af27b9-5362-4209-ba7d-522c935e3a1f,Samuel Gray,60,kristenarias@example.org,Idaho
361759fd-24de-43d2-9205-7b708ff418e6,Scott Cantrell,26,amy67@example.com,South Carolina
42e4811d-d2c1-4dfc-8acb-ea0df01c800b,Tony Brock,50,torreskimberly@example.net,Rhode Island
acbad136-ffb4-4ca9-a1dc-3584adeadcdb,Sarah Clayton,29,jeremiahbyrd@example.org,Montana
948779ba-1d32-4ece-a5d5-d7e0a147a011,Kyle Tanner,67,robinsonchristine@example.net,Arkansas
3b4a95eb-273c-465b-b817-703c0e95f791,James Sullivan,39,dallen@example.net,Montana
a2197513-edd4-4ed7-b21b-73e62d931de7,Kathryn Moore,46,jpatel@example.com,Tennessee
75cbb618-dcf2-446f-afae-e16e33a7dec0,Amanda Dyer,46,nschwartz@example.net,Wyoming
eef4ffe7-60ad-47e0-9f76-23a2ab803366,Jessica Turner,43,thomasfranco@example.com,Vermont
8cc8d883-fb37-4ba9-97e0-7cdceaaadfbb,Elizabeth Hernandez,21,francoruth@example.net,Missouri
4130843f-f835-4e5b-9008-ba3cc3aa4b2e,Jerome Nelson MD,60,hanseneileen@example.com,Wisconsin
6555895f-34cb-4834-80b7-928eb799dfd3,Thomas Garcia,24,xreed@example.org,California
728d14c9-d63b-4131-91d1-7f2bf770a9c7,John Whitehead,53,tracyholt@example.org,Minnesota
4dc76168-a26d-4adc-bd3c-4e7ed330f71f,Christopher Johnson,33,mariarivera@example.org,Hawaii
53ff487b-e746-4f59-8b95-6350a1e573d5,Thomas Simpson,41,travis30@example.net,Illinois
03fa47db-722d-421d-b37d-cd302d52ba46,Robert Hayes,43,ajohnston@example.org,Louisiana
82dfea5a-f810-4af8-b299-86e876c1fa25,Justin Bennett,64,blakejavier@example.com,North Carolina
f23cc3c6-2a57-4a25-88c8-dbeae2efb890,Kathryn Andrews,51,jacksonmichelle@example.com,West Virginia
864ff21d-c80d-445a-8d5f-fe17e3a09de7,Kerry Sanchez,37,shawnaball@example.com,Nebraska
25aaf37d-ffc2-4ee3-a753-6ec20b13491d,Judith White,38,qhansen@example.org,Alaska
621ce9fc-d256-4e72-a719-b5eb14bf0f6f,Matthew Warren,59,katrina64@example.com,Maryland
7dab2b5a-6f3e-469d-a36e-956d414af0b3,Christopher Dorsey,30,edwardshaw@example.org,Nebraska
08e98253-83cb-4654-8ca7-d15041600e2b,Trevor Chan,22,williamszachary@example.net,Iowa
c12377b9-8756-4ef7-9e94-f1f4f9bda393,Desiree Scott,19,dennis13@example.net,Ohio
c474187c-3f77-4523-942c-d31b51347c05,Victoria King,58,hsims@example.com,North Carolina
db903060-aa7e-47e2-bf0f-29ae91de6834,Luis Peterson,24,morriswilliam@example.com,Colorado
2dbb5cbd-2b87-4eba-8e37-973d25b783df,Mr. Shawn Lewis,59,williamsjoel@example.com,Kansas
efd315b6-04fa-46c8-a6ba-baf3f25039c3,Carolyn Clark,40,fleminglisa@example.org,Alaska
cb1d0a7d-0e18-47e2-86b1-f4fc9d5c9a8e,Taylor Hawkins,27,curtisburns@example.org,Maryland
ae2750cc-110d-4b7d-a88e-cce6ab59a9ec,Robert Beltran,31,aramos@example.com,Wyoming
0939e309-7f2a-46d6-8616-746c9374ea0a,Amy Rogers,21,russellmatthew@example.com,Minnesota
f0311d68-0d19-41b6-bf9e-2cfd9f166fbb,Connor Thomas,45,mwilliams@example.com,Pennsylvania
d485da80-c15e-4e52-8f66-611daad8ec0c,Miranda Simmons,46,debbielopez@example.com,Virginia
79e2499a-88c4-419a-8033-bbd996c0a625,Brandon Reed,32,sdiaz@example.net,Nebraska
68e8402e-bb5e-4389-aa80-e9b804f2dfc6,Brittany Morrison,57,patricksmith@example.net,Mississippi
63c4e5b3-bd74-4c26-b67c-6a5878fe2e6f,Larry Brandt,29,michael96@example.com,New Mexico
37cb577a-5332-4f9d-aa10-eefce1bf7288,Martin Sandoval,61,bradleymunoz@example.net,Maryland
38975e8d-e148-47cc-b242-d7bbd3cc0a2d,Michelle Reed,29,parellano@example.com,New Mexico
b4275cd7-a6c7-46a1-b653-6f83a31f9ee5,Pamela Brown,46,jessicaowens@example.org,Maryland
a7f244be-269c-4b49-aeec-7f458f49e40e,Michele Gardner,68,amyhowe@example.org,Kentucky
b35e9939-f1f9-4725-85cd-ae41c437d430,George Little,30,yrodriguez@example.org,South Dakota
0c21ea45-7ab3-47ae-9fff-327d16526425,Larry Carlson,28,hunterjennifer@example.org,Arkansas
b4351af9-c7e8-4ac7-a550-82ecc360020a,Aaron Jones,49,pserrano@example.net,Missouri
ba94ba43-0801-4216-bd30-5498e5514529,Richard Wagner,29,pamelabrown@example.com,New Jersey
de07acbc-cd53-43bf-be57-4ff2a04bb5f5,Kelly Chan,29,holtbrandon@example.com,Florida
2d56dd58-5b87-4cfe-b850-700fc330bdff,Gerald Schneider,66,portertiffany@example.org,Hawaii
54c8ecd1-97f8-4807-a6f6-0b80e70c2564,Bradley Velasquez,48,emann@example.net,South Dakota
788710cd-9e78-46bc-9c55-e6cb7e152c9c,Vanessa Foster,35,vjohnson@example.net,Hawaii
4b357d56-4b6a-4341-b2fe-d40148dc4548,Kevin Gonzalez,66,william80@example.net,Kansas
d90b08cb-c8ba-41ea-abb5-b81c3785bb60,Scott Moore,47,lopezjames@example.org,Mississippi
a1697145-e240-4af3-8a55-dd00139370de,Alison Wilcox,43,briangibson@example.org,Virginia
0843869a-7c63-4290-973a-b2173bf5e4c0,Kevin Reyes,35,amberwarren@example.org,New Jersey
8eed6cf6-fcef-488a-9b83-3bddf921d9ef,Nancy Bentley,21,dbrown@example.org,Arizona
3e51887f-8301-46a5-ac48-b9eb19616298,Regina Snyder,57,danielle05@example.net,Nevada
db117473-8261-4a05-8b0c-b7aa813b1615,Brian Ward,18,dbrown@example.com,Wisconsin
5e3d7ba9-2290-4efa-9ae7-819aae40cdce,Rickey Nguyen,55,leroy68@example.net,Ohio
5321d14b-9609-4e5e-b13b-d6ec51c277df,Crystal Dunn,28,christopher70@example.com,Tennessee
8e28182e-1278-49c2-87a7-e31b91e4b5e8,Tracy Shepherd,66,fhall@example.net,Florida
8f95f96f-5db4-460a-af5b-12c0fb6dd46c,William Davis,41,michele49@example.org,California
060d6f5c-1514-4bac-92b5-46f52cceb4f7,Anthony Barry,34,vmorgan@example.org,New Jersey
4981ba2b-5b97-4e1a-9f4a-a0d344bcf75b,Tracy Torres,47,brian28@example.com,Missouri
ebee9b24-0843-4a72-9597-e75176a46167,Eric Steele,31,brenda36@example.org,Montana
7548fa68-2735-494d-9e9d-fcd7e0070767,Diane Jackson,51,keyamy@example.com,Oklahoma
f4a6d1b6-efb2-4c05-84c5-210565b2f963,Dwayne Camacho,41,matthewburns@example.org,North Dakota
e6f9a529-6f6b-4e01-8ada-8913e6b4dcbb,Elizabeth Fernandez,47,rcobb@example.com,Oregon
d0a84358-6d38-45d0-b361-71d0f9db5f1e,Melissa Davis,27,lsnyder@example.org,Nebraska
17e8de9d-af1e-4b90-babe-193b115f9fd4,Cindy Smith,37,stewartalicia@example.net,North Dakota
194cbc2d-0d9b-4ab4-8c20-827b6918e889,Paula Delacruz,18,luke67@example.org,Arizona
2930ea5a-9077-4a9f-a12a-993660f2ac32,Pamela Shepherd,66,watersbrooke@example.net,Kentucky
b7229fde-23d1-4bd2-aa2b-fb11f9f52e04,Jeffrey Thompson,47,kennedyjennifer@example.org,Tennessee
1a067ffc-793d-47c4-b83f-953e0bfcc053,Travis Hall,33,aimeelozano@example.net,South Dakota
04f88df7-128b-4ecc-a698-12e39be4b9a2,Robert Keller,26,robert97@example.org,North Carolina
3ff1f3e8-a77b-4bc3-8d33-54abb394d171,Teresa Brown,18,john18@example.net,Maryland
9737fce1-2ccf-470b-adc6-34974e5c1228,Raymond Garza,35,samuelhawkins@example.com,Pennsylvania
ba1a3175-3929-4a06-b85e-7e58b5462c4f,Amber Rose,43,alyssa99@example.org,Nebraska
a04dc2b6-c7bc-4a7c-8733-d9b36cca07dd,Rebecca Koch,64,brian32@example.com,California
82d06ac6-f0bd-4274-9cb0-ec0a59e9f2b8,Robin Paul,29,amywright@example.net,Missouri
b9226f6b-4635-4aa0-8ef3-1bdf84268f88,Lisa Armstrong,18,jcook@example.com,New York
b92a081f-bbaf-4d4b-a306-892315596790,William Kline,25,gthompson@example.org,Kansas
d5238140-7ba2-4755-be7f-1ed661e75cbc,Roberto Peterson,22,gshepard@example.net,Florida
92ef5696-d314-424f-95c5-2eb338eb392e,Roberta Walsh,38,medinakatrina@example.net,California
652ab22f-842f-4b06-b679-f0b0115e4516,Mark Smith,25,yvonnediaz@example.com,Tennessee
e31b3699-894e-402c-8cec-089b10aab6dc,Nathan Stevens,42,tamara31@example.net,West Virginia
f1ba3460-3e57-452a-92c8-c975f4106d87,John Zimmerman,64,jamie85@example.net,Arkansas
12c04c6d-abeb-4b30-932c-71b5594333ba,Morgan Morris,34,elizabethmcneil@example.org,South Dakota
378468c0-9457-4811-89b8-e4e7b9a04366,William Aguilar,44,sbarnes@example.org,Washington
48a16b8b-9d76-42b1-9023-39394c17080c,James Taylor,30,pmartinez@example.org,Oklahoma
727444ed-af52-4296-a607-d78ebca2e274,Heather Donaldson,64,wcopeland@example.org,Washington
8a53fa14-6a40-4af3-8b55-c21ce99c8980,Michelle Chen,30,carolyn59@example.net,Minnesota
d3439074-c945-42ba-b2e0-9e884f1d3727,Mark Perkins,34,hayesjeffrey@example.com,Florida
cd16310f-d512-4336-9a24-e1e9edde7ffc,Alexander Hull,67,brenda37@example.net,Maine
595e2963-85fe-45ab-93ed-e948b733347d,Christine Madden,32,deanna33@example.org,Pennsylvania
b5826cff-0a28-4fd1-aa71-ccccd457690d,Mercedes Holmes,34,jacob81@example.net,Oregon
e2bb1074-5181-4f7c-b6a3-197ae5aa383a,Anna Burch,52,johnsonchelsea@example.com,Wisconsin
1c0e8c58-58b9-47f6-8963-2cec41e2ea15,Nichole Martinez,57,nmartinez@example.com,Mississippi
66518edc-9f82-40f3-b309-334277d61130,Anthony Reynolds,21,henrymunoz@example.com,Alabama
d1af7979-e9ac-4d08-9514-3f97a0a842ec,Mark Williams,44,halljeffrey@example.net,Wisconsin
6d63b305-08be-4132-bf18-6cd8dda6566e,Kenneth Shaw,20,amanda54@example.net,Pennsylvania
78690463-a3a8-49dd-b396-070de4c8deef,Kelly Vargas,58,vickie29@example.org,West Virginia
31c96100-92aa-4da2-94c6-183acc368990,Tina English,62,timothysmith@example.net,Idaho
b27938ef-41af-4b69-ad95-386f2e94ab14,Christopher Park,22,rossjohn@example.com,New Mexico
52104766-b51f-43a8-9f1d-101955176151,Kimberly Burton,36,yhorn@example.com,Alabama
cce8ccc8-0ce7-4681-aec8-3491326b0ad3,Billy Tate,47,jacquelinelindsey@example.org,Hawaii
3cb47982-0f12-479c-85d1-f20f9bd9fe15,Robert Stone,59,steven99@example.org,Kentucky
1d594e80-b672-4f48-9190-3461da260e89,Steven Thomas,49,brianbrown@example.com,New York
26d2e477-4de6-4238-b27b-56d864f75513,Lauren Hill,21,brendapena@example.net,Kentucky
841a9266-769a-46e2-bb3b-1f4dba5eb3e1,Daniel Smith,59,danielbowman@example.net,Delaware
ffc835ae-2508-41ee-ae37-f3de6f99befc,Cody Marshall,41,johnwhitehead@example.com,New Hampshire
96b117b5-9b95-4bf5-9fee-2b9dd80c27e5,Madison Bean,29,max21@example.org,Utah
b5832efb-e755-441d-b4d9-facf22c0a32c,Jason Swanson,49,keith93@example.net,California
92bab0e5-f3ee-4ab8-b560-ff7b96347e63,Anthony Sanford,50,monique66@example.com,North Dakota
ce56e357-0b4d-4a56-8f19-ce491c78e049,Erik Silva,59,shughes@example.org,Hawaii
2695e108-63fa-4891-be93-81896ef1e796,Christopher Larson,34,humphreyrhonda@example.com,Utah
424e05f0-28e3-49ca-9d87-1f608b1f1b47,Kevin Romero,20,elizabeth16@example.org,Vermont
5d88c9d6-fbc2-4d6d-b95f-33ebb2b0bf9c,Mathew Little,34,rebeccavasquez@example.org,Wyoming
50fea908-17ee-41bb-872e-adf347172337,Dr. Nicole Romero,39,jaydonovan@example.org,Kansas
1d62289b-ff07-42d3-bcba-6559f316e2bb,Chelsea Lutz,27,carrdanielle@example.net,Georgia
c338a56b-0a3f-4cd1-81e5-19763cc7d9fd,Susan Morrow,24,grayisabel@example.net,Alabama
1c119962-d509-4578-a567-59a5e8caed04,Mrs. Cindy Pittman MD,35,jenningsgarrett@example.net,North Dakota
fee1559a-a91c-465e-9e1a-a7ce416d2290,Angel Rivers,37,khunter@example.com,Illinois
69bf2da8-e882-4bd2-8fca-a61e8962e67b,Misty Mckenzie,64,farmervictoria@example.net,Delaware
98a33de7-f813-4fa8-8563-7298dee07636,Mr. Michael Taylor Jr.,39,johnsonjames@example.net,Oklahoma
c23133e4-511a-4bb5-a8c8-e15980472194,Jennifer Williams,55,michael14@example.com,Montana
1d8dc4e1-2771-439e-992a-112d4844238d,Jack Hancock,45,harperjoshua@example.com,New Jersey
432c14e2-ff1f-4a59-8400-14e37f534fb4,Lynn Lewis,36,bbailey@example.com,Rhode Island
8459111d-e7b7-4cbc-9379-98f9ab514583,William George,37,jacquelinegraham@example.com,California
0847f9c9-d507-4486-b221-f15156e56904,Joanna Lara,18,marcusbecker@example.net,California
409ed9d1-b069-4018-b5eb-b2e3222a7b5a,Amanda Abbott,61,scottholly@example.com,Kansas
562c51c4-74cc-4a9f-aa92-aff694775027,Jon Singleton,56,uhill@example.net,Minnesota
cc79c15e-cf65-44fe-822f-bc216b779947,Daniel Wilson,56,smithstacy@example.org,Pennsylvania
b70afe09-b03f-48a2-ae52-31dcb6448c41,Michael Jackson,18,griffinjoe@example.com,West Virginia
c9b549e5-48cd-4976-8bb4-20085fbf7236,Erik Vance,56,leahyoung@example.org,Wyoming
379b903b-7b23-4ecc-8913-7b13940b28b0,Michael Nixon,32,qreed@example.net,Virginia
e0776f15-b2a6-4a91-ba8d-682c06639f5d,Jacob Patterson,26,hrichards@example.org,Oregon
b057225d-2c05-4062-9ce1-4ac3c8a9f350,Michelle White,51,jennifercoleman@example.net,South Carolina
944e15b0-c955-4727-bf12-d8420efd4952,Michael Mckinney,34,nmarshall@example.org,Iowa
d436b164-c891-4728-a278-d3f2d59b02f7,Cassidy Torres,39,moralesjessica@example.org,Florida
fc27cb61-4b7c-4d71-9363-78f0bdd0a0e7,Cynthia Chandler,44,ronaldmelendez@example.org,North Dakota
15314182-ef81-4e98-abb8-207967acb7e6,Randall May,67,danielleonard@example.net,Missouri
1a448c6e-6dd0-432a-a09b-000b9413da91,Annette Wilson,40,ipham@example.org,California
3985c9dc-80e6-4252-9d6e-1ee33a8196fd,Terry Robinson,32,shawn92@example.net,Louisiana
5e2466ee-e8e3-4474-9df9-40dfc54102b6,Kathleen Charles,34,davisjason@example.net,New Jersey
e02b1c6f-fc9f-478d-8ed6-e3386e85e9ec,Julie Chen,45,kristina72@example.com,Vermont
8a6e578b-9971-4e76-911c-4b311470667b,Julie Alexander MD,70,wendy93@example.com,Georgia
1cfaad4f-54ff-4747-83b0-9aa3ab52ef9d,Lisa Williams,40,kaitlinmcbride@example.net,New Jersey
f242142d-b217-4bad-b5d0-3d2cba7658b4,Hannah Garza,25,jessica80@example.org,Michigan
43b5252f-c07c-4f3c-852e-43c0dffe2a6c,Lisa Jones,25,rebeccagardner@example.org,Arkansas
3e6d291b-8a7c-492b-a0a7-9e5c6da56e55,Juan Lambert,19,morrisonthomas@example.org,Texas
5ae75599-75b6-49f4-82e6-59e7d0c482f3,Gloria Garcia,63,jay88@example.net,Louisiana
f9c101d4-4ea5-4cdc-a186-33236f90d24c,Jennifer Bautista,34,thomas39@example.net,Iowa
d4b046c4-18f6-452c-86f5-de96e74188a5,Felicia Higgins,66,saradavis@example.com,Nebraska
657da43e-561c-4620-a1d1-f26e8a3eb51c,Brittany Moon,22,belltanya@example.net,Montana
12231ef9-5335-4f66-aedc-28378fc51185,Wendy Lucas MD,51,hwilliams@example.net,Connecticut
fb542971-312a-48ee-bd68-321459afb164,Brandon Lawrence,63,aandersen@example.net,Maine
d3648a46-fcd7-44e1-8996-a400ddccbba0,Ms. Jacqueline Le,64,lstrickland@example.org,Michigan
a9ddae86-4f9a-4df8-badd-c72aa8220ad4,David Brewer,32,amandamorales@example.com,Michigan
0bc6ce2f-e395-49f6-aafd-ec529703fe04,Mark Hoffman,28,gwendolynmoyer@example.net,Mississippi
e5a20e38-4926-4f77-8d18-270d95505c16,Taylor Gonzalez,35,marytaylor@example.org,Minnesota
8aa99830-7c43-4215-ba54-60ffc4b34053,Vanessa Steele,53,mccannhenry@example.org,Nevada
6c878fc4-12ad-4ac4-a261-b7711332dee8,Rachel Hayes,50,mnavarro@example.org,Hawaii
77cebdb7-6a98-4c2d-9480-ca344b61e3e8,Robert Freeman MD,19,qwolfe@example.com,Oklahoma
10974c50-f5e7-425e-b16b-1e7f663df625,Miss Carol Harris,41,brian20@example.net,Tennessee
3b514a87-1c37-45dd-8a84-ce13901f0faf,Donna Watson,34,tylerlee@example.com,Maine
4f0babfa-d6e3-419f-a561-4dd269851752,Shannon Rivera,24,mariaparker@example.com,Nevada
44429da4-e7dc-4a6c-a683-291b7d7965aa,Trevor Rivera,46,brettjones@example.net,Vermont
f282afee-dcc6-4512-99b9-c6749e39ed84,Michelle Bautista,38,mmoore@example.net,Connecticut
0cce055b-5562-477a-b666-d720cc796d00,Caitlin Davis,53,ttaylor@example.com,Montana
6d4d8611-6b96-496c-bf95-eb1389302ac5,Shannon Williams,70,smithtina@example.com,Oregon
4cf93092-8b15-4667-8255-c203ba85534e,Angela Crawford,30,smithtimothy@example.net,Arizona
dfd26933-288a-4af6-bef5-6099f9552384,Jeffrey Anderson,68,chavezdana@example.com,Delaware
0f04c806-34c2-4433-a046-3bb5e1d3adc2,Thomas Patrick,27,hornfred@example.org,Idaho
e40f4e10-1305-4a57-b920-7c09c92d444a,Gary Mcdonald,61,cole17@example.com,Montana
4ff47997-d01c-40da-867c-4c174f647253,Stephanie Lee,66,benjaminrios@example.org,Alaska
2bf48666-19dc-4630-965b-2d95d6504803,Shannon Guerra,25,creyes@example.com,Georgia
27873956-7924-4604-9c7e-f0a77657eb9d,Kimberly Trevino DDS,26,calvincruz@example.org,Minnesota
7e9708b7-556b-4138-b5d2-9fa8eaa0f9c4,Mariah Harmon,24,webbbelinda@example.net,Connecticut
e0b1069c-2579-4218-a082-1685f8651794,Kimberly Perez,60,craig00@example.net,North Carolina
883cad97-7bce-46be-9ec0-a61ddf155bce,Tristan Fisher,44,dboone@example.net,New Mexico
d7091881-391e-4474-b023-96c1f72c8cd9,Terry Burgess,60,pjoseph@example.net,Pennsylvania
ae286be0-7690-4d18-b033-1667086f71bc,Joseph Chavez,32,wallacesabrina@example.org,Louisiana
04bdb95f-62c4-44de-b595-e52bb57c01ba,Susan Kirk,65,gabrielsmith@example.net,South Dakota
f87a6fdc-d402-4af9-ab22-ac3deb2bd511,Thomas Paul,58,johntorres@example.org,Louisiana
08be9e0c-dbea-4af8-bf7b-30a17cb1f3d8,Robert Edwards,34,jennifernewman@example.org,Nevada
32b756ce-c29e-4bb9-ac72-0dad7d612abd,Michael Gardner MD,33,meghanbrown@example.com,Maine
95847bc3-5266-40e0-bc0c-a3c31495033e,Kristen Johnson,52,ipacheco@example.com,Mississippi
891e225d-5241-45b8-ba34-dd873ec96971,Brian Gray,43,alishawoodard@example.net,Wyoming
88cbe079-d65e-419f-9bf1-f87274e3cfd2,Kirsten Nunez,57,littlemichael@example.net,Kentucky
0318b359-1403-46ae-9abf-599053249ebc,Bryan Webb,60,lhall@example.com,South Carolina
a6f82525-b77f-42de-bc6a-4bd98bfc0471,Jessica Sheppard,43,russellbell@example.com,Wyoming
a444aefc-57f7-4133-947f-c12c3c3bcd7d,Diana Buchanan,56,toddpage@example.net,Indiana
fabb2066-de7e-46b0-865f-dca86fabdf63,Kirk Roy,33,kimberlybarton@example.net,Georgia
84cc7b3e-e516-4763-a5d6-68a7ad5fbb1f,Sandra Foley,37,joshualopez@example.com,Florida
4f77db78-785f-4fe8-b850-f8b5b5daac2f,Michael Simpson,55,wilsonheidi@example.org,North Dakota
39ec26f0-893d-4288-8f7b-e07dbe20cc4a,Gina Webb,35,pjohnson@example.net,New Jersey
024d56de-f637-46b6-83a4-689d8277c680,Mr. Randall Johnson MD,61,donna98@example.com,Minnesota
8b090646-7438-4f88-99b6-8875c1952069,Cory Wall,33,taylorlisa@example.org,Mississippi
f281db9d-5fb6-4fd0-bfea-f70363943f62,Scott Hanna,33,larry36@example.org,West Virginia
d6c12421-676a-4f98-9452-09b75841e1bc,Kathleen Smith,68,jennifer54@example.org,Colorado
c647f5f6-3d3f-4c03-bc3f-94919f22782c,Matthew Shepherd,66,jessicamorales@example.com,Ohio
d12f4386-4f31-4a24-94cd-7d79069562a6,Thomas Smith,45,swest@example.org,Utah
2641fcf1-7447-45a8-a7e5-a39470002010,Mark Howard,64,robert61@example.com,Delaware
d5814540-796d-4fae-a622-98234ebb2aee,Amber Mckee,65,kbriggs@example.net,Alabama
c99e7ff1-3c49-4ad8-b58a-ee879ed94acf,Stacey Perkins,44,hendrickstraci@example.net,Connecticut
2a2a4086-0413-41d4-8a6e-212a0eb6bdfa,Heather Mclean,50,joseevans@example.net,Hawaii
2e41ef2e-69e5-4b36-82aa-597841a0f650,Brittany Walker,49,christy13@example.org,Wisconsin
3f1d2220-b740-494d-9c47-64ab34a501b7,Jeremy Stephens,41,christopher07@example.net,Hawaii
216d1a5a-488c-47d5-8730-a2d8ebec3e3e,Sarah Watkins,70,cobbbrianna@example.org,Massachusetts
407fe1a3-d767-4c7f-9132-176c95a6e762,Benjamin Mcfarland,64,maldonadochelsea@example.net,North Dakota
3e9a2f8f-ab19-467f-8156-de6bad05d117,Patricia Arnold,20,brittanyblackwell@example.net,Nevada
e1ec7df6-91ab-4b62-a0a0-a50c773927ba,Michelle Johnson,54,james46@example.org,Missouri
36e2536c-f01b-4b0d-a38c-c7c477327a35,Brett Thompson,25,brandonlowe@example.org,Colorado
8b0a968f-4791-40c1-8c50-9fab2a956cc8,Henry Henderson,35,turnerwendy@example.org,Michigan
bd462a9e-448a-4325-82e8-821d4d143df1,Mrs. Shelley Sherman,49,michael11@example.org,Pennsylvania
7b378e3a-2042-4baa-a06f-2fac93ab7f50,Kelsey Wilson,64,helen64@example.org,New Hampshire
4de16349-8f81-4344-ae90-57bd17e79d28,Kathleen Wilson,40,kingkathryn@example.net,Michigan
0158f257-d4cb-4ea3-8e38-f14e2e5f8021,Amanda Baker,64,traviskaren@example.org,New Hampshire
9fc6b530-a74c-4319-916d-f038fcb7094d,Lauren Campbell,25,xsandoval@example.com,Hawaii
410b92f0-7888-4b8e-8459-7a5748c07db9,Rebecca Taylor,58,melissa88@example.net,Nebraska
c9e248bd-d6a8-419d-aeb0-9d01ef4a0fd0,Andrew Reyes,34,elizabethharris@example.org,Connecticut
5bccb105-4ca3-44e9-bbb0-1b1cc35ac00d,Robert Wang,29,gregoryrodriguez@example.org,Massachusetts
a7dd905b-a645-4995-b639-606ee8ad70be,Alicia Myers,47,lisawalker@example.net,Oregon
3e8df15a-688a-4204-8e0d-d0c0596afdd6,Kim Brown,60,christine58@example.net,Alabama
98f6a3d6-bb30-4401-9f4e-abafbfa949d0,Julie Welch,66,larmstrong@example.org,Iowa
0b0bb7df-025f-4932-8812-111bb36a8511,Douglas Reynolds,66,sanchezashley@example.com,Iowa
2d6899e8-cc2e-4aee-9651-b9a96fc5a469,Lawrence Little,40,michael25@example.org,West Virginia
2419a978-b230-4514-a620-b2266f802271,Jasmin Bowen,20,sandersjasmine@example.org,South Carolina
a3a62364-2bb8-4787-b052-462ffd37fd00,Charles Duke,43,martinarthur@example.net,Massachusetts
05f80688-8a26-42e9-8f74-392aa4d69ea3,Deborah Cameron,62,jennifer63@example.org,Minnesota
193f5819-3968-45e9-a031-5550c2a90b0c,Todd Stanton,58,alicia95@example.org,Pennsylvania
93878e2b-830d-4635-afca-02d1aa0c7686,Cynthia Osborne,64,scottdavid@example.net,North Dakota
f2d1907d-6f36-4e85-819e-78f2fb138830,Ann Mcclain,67,woodjames@example.net,New York
bc69ee37-cf6f-4475-81d6-b162b188f8bd,Megan Mills,39,caroline27@example.org,Kentucky
2ad8e50a-eac7-4b5b-abed-494345bdd67b,Mason Hubbard,19,kenneth63@example.com,Wyoming
f051d965-7494-435b-b6b8-9292be2f9630,Christopher Kramer,60,martinezkimberly@example.org,Florida
e5e08555-d3bf-4319-8947-c112eb11baee,Samantha Johnson,41,shafferrobert@example.com,New York
8abcb3f7-36c9-4374-9630-1faa492ead48,Charles Mcclain,54,sandra96@example.org,Ohio
d81387ab-1764-4934-b16a-e7ed2e853dee,Bridget Bass,42,efowler@example.org,Washington
6b0a6de4-e651-425e-bb5d-094a9d25fd87,Pamela Vazquez,34,kristin36@example.net,Oklahoma
90ee1f54-e4e7-4b9b-854f-b19d6b200461,Kenneth Herman,46,ohall@example.com,Delaware
85dd6d30-471f-4934-8da5-6eae74a92a93,Kelly Shields,22,laurie42@example.net,North Dakota
a95c5525-ea99-4e53-a901-ed6c7f8ea096,Philip Butler,39,brendaclements@example.com,Oregon
190afb69-ea7b-4254-9f57-3432fc344179,Brandi Pineda,37,wallacemichelle@example.net,South Carolina
99317615-2423-45a4-a1b1-9021680186e4,Nancy Brown,66,ramostroy@example.org,Michigan
4e39c61e-94ea-4b22-85fe-1b785740b4c4,Carrie Henry,35,frederick02@example.org,Tennessee
d0b3546f-b10e-4404-a73c-58d2147bc691,Melissa Davis,49,whitekevin@example.com,Nevada
b247a170-e45c-4798-9e06-65e4d65e7bbe,Miguel Floyd,42,harrisdawn@example.org,Alaska
7887bbf9-b1a1-41b1-968e-6919a8f03201,Tanya Pitts,34,brett03@example.org,Wisconsin
de85397c-76e5-4f93-856d-f386d81ea0b5,Michelle Mata,61,lynn29@example.net,Virginia
fad1ef68-bb62-4bfd-a869-af48608453fe,Shannon Clayton,51,knoxeric@example.org,Massachusetts
85bcc288-171e-47c9-8e01-b55c8b153b83,Jonathan Warren,26,rita18@example.com,Kentucky
ed6d1b73-6f64-4814-b04a-073823537a13,Kevin Thompson,33,kenneth55@example.org,Iowa
4ed993a9-bf4d-4716-8b13-ffb7137feccd,Laura Hull,70,hchandler@example.com,Arkansas
e1759139-5b72-494d-8611-48acf994ce55,Erik Gallagher,63,shauncontreras@example.com,Kentucky
3d40e4ef-3529-4d71-8091-47eec12ff8d5,Barbara Flores,68,amanda76@example.org,Wyoming
5d0c8c70-3806-4a27-aad4-f60da9666da5,Regina Reynolds,65,ajuarez@example.org,Wisconsin
5deebd5c-101e-4ffc-a7c2-1c19e8435c44,Kyle Martin,53,tonya80@example.net,Louisiana
165bbbdb-7227-4897-a87b-0d78443a8605,Sabrina Brown,44,fmckee@example.org,Louisiana
b8ef9fab-5edb-4110-834e-ae6bbba7568f,Steven Williams,68,danielnicholson@example.net,Ohio
681eb13f-0520-42c3-b244-ed85b7e83e31,Douglas Lee,29,diana16@example.net,Kansas
00d20af2-9951-4607-b42f-f703d5d86e64,Brandon Rios,21,ksullivan@example.com,Oregon
7f6d8c41-afcc-4d80-ad6b-692c478fb9d0,Christopher Mckay,19,mbush@example.net,North Dakota
bf61d05b-fd75-4f20-86a9-c10c28d775ed,Lydia Patterson,64,thomas34@example.org,Florida
096b03ef-1c1c-47c5-a54a-b19b045b43f0,Kyle Hughes,20,otate@example.net,Texas
2d7e2983-7aff-4480-932d-cae88572e088,Heather Miller,70,wadejohnny@example.com,Montana
9e0d10bd-71ed-4095-bb1a-76954a9eab7d,Daniel Campbell,58,sharpwayne@example.com,Utah
72a5114e-4341-4e44-aba3-c959b51d1394,Michael Keller,26,kimberly18@example.com,Nevada
0a7ff1d3-bcba-45fe-961a-239c1092226f,Kimberly Ward,48,rmorrow@example.net,Maine
662eb1a6-e8e5-4b40-a985-034f72a8689c,Charlotte Griffith,41,heather51@example.net,Washington
9529390a-5b82-41e6-bf47-5ac5746176ea,Mr. David Smith,40,qtodd@example.com,Colorado
46bafd27-00ba-464c-813b-eb4c523bd892,John Hernandez,66,jeffreykim@example.com,Hawaii
c7aaecb0-ecb5-4f9e-beef-8b53f6dc37c1,Stephanie Lopez,37,foxkristen@example.com,New York
4aa1aafc-1562-4f41-a640-f33f43b3f794,Shannon Martinez,38,james75@example.com,Nebraska
16c3effa-ea24-4761-9638-6bdec5b4c394,Brian Fleming,45,langjack@example.net,Maryland
7b8b02b6-bd77-427b-8fc9-8511c2ffed1b,Tracy Harris,37,joshuawong@example.com,Ohio
1d5bfee6-0087-43ce-b63b-adc9e2092822,Jorge Adams,20,shellygordon@example.org,Mississippi
a6eabbf3-761f-41c0-a424-6ca13ca5b4e3,Victoria Wilson,28,alicia52@example.org,Massachusetts
e6315eef-971d-4a0d-8f02-8972bba15ecc,Paul Rodriguez,45,venglish@example.org,Ohio
c0316ff6-a8b6-4595-ac96-124675de0661,Tara Howard,55,crystal88@example.com,Texas
dc22d943-ce00-4013-a332-c8f0861e0e81,Denise Smith,45,brandon93@example.org,New York
347000dc-b054-4023-89df-84cd243857eb,Joseph Lowery,38,delgadonicole@example.net,South Dakota
f19b6672-4db3-438d-9082-5e0049e1a762,Dr. Katherine Rodriguez,25,george40@example.org,Texas
ab839e06-5e75-4ada-b5f8-0f5d4e82db02,Kathleen Tran,60,psolis@example.org,Delaware
d363f3e0-b5db-4d79-adda-181286825048,Emily Johnson,39,aimeewright@example.com,Texas
3a3e8670-b7ee-48cc-bdbf-18be897b85f9,Christopher Taylor,69,pbishop@example.net,Ohio
49804b91-ae41-4516-8b1c-cb8dfeabe79b,Andrea Greene,20,kristenmorales@example.com,Wisconsin
e8d0d45b-3618-486c-9a95-a36076489d7a,Nicholas King,25,christopher02@example.net,Wyoming
211948b5-d14b-4fd1-83a8-191881b09a2a,Joseph Rodgers,70,jamesgreen@example.org,Nebraska
fe798d04-8ee3-4540-b71d-6dd98c284db8,Lisa Mckay,24,amandabradley@example.org,Indiana
91aaa895-ce26-4381-ad8f-c579f1034f34,Shawn Erickson,35,thomassmith@example.org,Vermont
3351cb10-b750-4c26-bdde-729082419f4b,Monique Sanders,20,danielstewart@example.net,Kansas
c08d2b23-3515-44be-9804-25b14ffa4050,Blake Tapia,64,allison98@example.com,Kansas
3dd62f54-ad26-4bf9-8a61-8bdd81f311e1,Thomas Dickson,37,msnyder@example.net,Pennsylvania
921300e1-5c03-4ac8-a57f-757974fb11a3,Cindy Atkins,66,raymond33@example.org,Illinois
bebe4bad-0037-4d81-bf27-e9c12bf92e1f,Patricia Evans,70,michaeladams@example.org,Delaware
32dc3b3e-b7f4-42c5-9fea-b830688072e5,Monica Mathews,58,bentleychristopher@example.com,Colorado
dbbdb1f9-11f7-472f-a138-8e038fe94b52,Sara Peck,29,dyerjessica@example.net,Kansas
37e70419-3bfe-4b63-8939-9f8d0f61ca27,Gary Clark,38,acruz@example.net,Georgia
6bfc957e-57f3-42b7-b8ef-bde69b61cd17,Kristen Riley,70,davidcochran@example.org,New Hampshire
801555ea-7854-4cf9-bf3f-2afeb57cca13,Donald Bell,49,thomasbeth@example.com,Washington
c174b429-42b7-4d37-98c0-9a425a73d8aa,Michael Walton,27,burnstara@example.net,South Carolina
ae6eca75-2a2a-48fa-abb1-082f9d57ca17,Penny Rodriguez,66,morrismorgan@example.org,Missouri
35369ae8-65f9-420e-aec8-1533761ee91d,Tracey Moreno,19,ibaker@example.com,Illinois
cffc006b-4b4e-4440-ba87-0294307345f9,John Patterson,37,martinwilliams@example.com,Kentucky
6f3c48f1-eb2b-471b-9247-857263d1e584,Debbie Brown,21,julie62@example.net,Colorado
08e66909-c007-47c9-b58a-b9a5844fdd69,Julie Bond,19,emily51@example.net,South Dakota
66b10e1e-251a-47f8-b4ef-fa3ed7d50534,Joe Silva,70,qowens@example.net,Kentucky
e8c5c310-9ea2-4d35-af91-0cd1d5db2364,Angela Bradshaw,65,stephaniearmstrong@example.com,Ohio
b7c3df7b-5d4d-471b-a467-a767be479b0e,Stephanie Cortez,29,hicksronald@example.com,Minnesota
a4c3254a-ebd0-460e-95b9-034ac9a6e247,Jay Gregory,21,amber49@example.org,Iowa
3dd042df-856d-4e72-8358-e3cf245c59e7,Kyle Patton,46,jenniferrobinson@example.org,Rhode Island
17a8e014-8fd6-4df4-9e57-ca9594c5bd68,Anne White,32,rose29@example.org,Mississippi
0a165c67-5226-4218-863c-1a841a593759,Julia Miller,46,christophermills@example.com,South Carolina
0d62a600-01c7-4d20-b0f9-818fe64b5a7a,Kim Bennett,35,gerald82@example.org,Nevada
e4da5016-248e-4d53-89f0-4d82cc4a9dcb,Jimmy Davis,63,dawn77@example.net,Oklahoma
423807f7-927e-4719-9798-1d279fe5d00a,Justin Combs,23,laurapowell@example.net,Maryland
955880e1-b807-4034-92db-4098f9419023,Elizabeth Williams,34,ythompson@example.net,California
41029dd0-b3af-48f6-a09b-519c9d9d676a,Katherine Brown,30,ibarrasandra@example.com,Georgia
56beed00-ef72-4220-8751-16b7835ff026,Stephanie Nunez,30,nathaniel22@example.com,Arkansas
dcc85a6d-1cec-43b8-a86b-61f47ac50a04,Morgan French,38,pearsondana@example.org,Colorado
019bd37e-7e6f-49ea-bf4e-9b56679950d3,Jessica Matthews,36,kingvictor@example.org,Kentucky
15caefca-2b9a-475c-92fa-e435ec371af1,Jessica Miller,61,johnrivera@example.org,Washington
a2d59489-f830-44c2-aaf6-04cbdffb476e,Carl Mathis,69,jsnow@example.org,Delaware
3c833d4a-955c-49f9-b9ea-3e752cb344f9,Megan Chen,32,alopez@example.org,Alaska
124cbc44-abde-4a21-b15c-60cee675da20,David Vincent,26,hernandezstephanie@example.net,Virginia
787e3e2c-347e-4228-973a-9b388afab16c,Catherine Harris,57,williamle@example.org,Connecticut
661a3212-50f2-4a50-b8a6-39dce4f1e2f5,Virginia Hall,40,wfrederick@example.com,Iowa
a0af17f2-70e2-429d-a7fb-7718ed72d81b,Joann Rice,70,christina02@example.org,New Hampshire
e447c55c-aede-408c-ba39-804ccc103ce3,Zachary Baxter,67,allenadam@example.net,Maryland
2b600ed9-9800-4bf0-a1be-b0dcb5f19f0b,Kevin Sexton,67,johnsantana@example.net,Vermont
ff0e4afb-9cf0-4152-a01d-457345ad6826,Bradley Harmon,44,pcohen@example.org,New Jersey
48d1d720-3f59-4864-9e79-4306f77f9691,Joseph Perez,24,alan36@example.com,Massachusetts
df87143c-de22-4f96-a829-ff0ab618d835,Courtney Monroe,67,jamiecrawford@example.net,Kentucky
bed37eb8-b9ee-4912-83ed-14ac3b25a802,Tiffany Martinez DVM,40,michael73@example.com,Maine
d9074276-5884-422a-9fb8-452676809367,Anthony Berry,18,sarahcompton@example.com,New York
d2cf5dcb-feb5-470f-b30a-cc8e7e96fec2,Scott Mccoy,29,gillespiebeverly@example.net,Massachusetts
3877af59-0984-4efa-b3c6-185e1ea51204,Tammy Mckenzie,30,michael63@example.com,Rhode Island
a334e704-97a7-4b32-818e-0c82810a2b0a,Michael Horton,28,william30@example.org,Oregon
e94f91a9-13f2-4562-81a6-34804d6d74e2,Curtis Burke,20,huntertiffany@example.com,Oklahoma
bb6f14cc-58de-4219-9d2a-11ed7dd666c8,Joel Nelson PhD,26,mcortez@example.org,Utah
65f55795-15e1-4453-83b2-7f4ee483ab30,Melissa Frost,52,cruzwendy@example.org,Iowa
091a22eb-8ae9-47df-92dc-7e32b04cc9c0,Alexandra Mendoza,54,roweseth@example.org,West Virginia
ae6b4379-7a68-4bef-8ce0-2307f536d201,Todd Allen,36,amymartinez@example.com,Illinois
7f5266a6-e550-435c-be23-563151c35105,Brandon Rivera,53,plane@example.com,Maine
414ddaaa-1499-482f-96fe-efd4c1ec99a5,Daryl Beasley,63,francissalas@example.org,Washington
64fdc3e0-a170-4185-ba68-5851d3ffa8e1,Christian Jimenez,36,fjohnson@example.org,Oklahoma
70be15d7-70d1-491f-8f3f-2a78ac0770dc,Crystal Wright,27,urose@example.com,Vermont
5b800bfe-6b36-4539-b4f2-61bd01fa0c51,Catherine Sanford,59,aaron85@example.com,Arkansas
dc2f4f01-d6e4-405f-ab40-2b593f860542,Maria Lawrence,47,lynnperez@example.org,California
45749f95-b862-468e-9065-9c52d33cd1a1,Vanessa Haynes,49,millerjeremy@example.com,Oklahoma
0760a9e7-2f37-4a94-89d9-2b2e500a03f3,Teresa Martinez,20,henry93@example.org,Oklahoma
655d675f-7a69-4fbf-b289-d9b371f3741c,Richard Massey,20,wesleyguzman@example.com,Arizona
8be80d61-5d5f-4320-ba69-1a31476ef457,Kimberly Brown,53,clarkmonica@example.net,Maine
0330e0e1-76cd-4aaa-a397-ee3e05421911,John Cross,48,mccarthydean@example.org,Oregon
f84e2b52-b2aa-422b-9e87-caac6dde83a1,Rachel Acosta,56,snyderjared@example.org,Mississippi
522f27bf-48b1-4000-b7e7-14229f18e653,Kathy Floyd,42,gonzalezmichael@example.com,Iowa
53adb4ca-5ce8-4e96-9e99-f877aaa9fc94,Joshua Mcdonald,33,schultzangela@example.com,South Carolina
febb721d-9313-4b96-8844-88a7820b5448,Mrs. Debra Garcia,50,davisshirley@example.org,Oklahoma
7b862698-e1ef-474d-bea2-8259390172cd,David Robles,41,allensolomon@example.net,Delaware
1771c2a7-b7e9-4ae7-b9c7-43d35b895cbd,Charles Lawrence,18,melanie12@example.org,Texas
1c0c66ce-5931-4a2f-a420-9d9ec487d3ad,Tammy Myers,65,powellzachary@example.com,Delaware
1cc8566b-f385-4bdb-9e1d-e98d1779ce5a,Michael Burns DVM,66,amandarichardson@example.com,Wyoming
542f9879-4ced-482e-823b-731210208b59,Marcia Shaw,24,gburns@example.com,Hawaii
1c691503-a324-4a86-b249-cd85ca75ca03,Melissa Flores,21,hickskelly@example.com,Alabama
21233dde-6d81-4aa3-b17c-9584a6766999,Angela Griffin,61,ronald68@example.net,North Carolina
e51b27f9-006b-4a7f-8351-d5bc36ee2a32,Lauren Sullivan,36,cpatrick@example.org,Hawaii
3590c380-1f4f-449b-8f48-67f108d79c19,Thomas Martinez,53,russell06@example.net,South Dakota
4bc31eed-7471-4503-a7d1-527baf1e2033,David Perry,45,qhart@example.net,Maryland
3ead02e3-4733-414c-b240-b6a751e54e07,Jennifer Ward,62,colonnicholas@example.com,North Dakota
43784828-aa48-4599-8d16-504a928324ca,Michael Smith,35,jennifer52@example.com,Louisiana
f15bcbf8-7d6f-459b-92a3-764caf16ac76,Samantha Diaz,65,jennifer97@example.net,Kentucky
998a7e79-7b59-417b-925a-dabf3e266c00,Benjamin Payne,37,jonesanthony@example.com,Nebraska
5f33a3f9-1990-4cbb-a7e7-7e0e781fd7b2,Alexander Ryan,24,georgebuck@example.com,Arizona
dcbaa619-3703-434a-94aa-49d2336cf6ea,Mark Farmer,26,edward12@example.org,Idaho
cb87847a-1b40-4b8b-88e0-043e9fba0ff2,Mr. Michael Guzman,19,awilson@example.org,Louisiana
f7305864-2834-44d1-acf3-ba89dcdf06a9,Douglas Williams,39,vincent59@example.net,New Hampshire
da940bbd-64d9-43d5-8329-f2b00d6f7749,Roy Schroeder,25,ugreen@example.com,Wyoming
1de33d90-b222-408a-b0ab-bf8d328cf591,Jorge Mccullough DVM,49,rwhite@example.org,Michigan
12005555-208c-4433-b4c6-cd650b63d010,Brenda Collins,36,hallkevin@example.com,Alabama
ca8d20d4-4c53-41da-84e1-fe851261028d,Justin Baker,21,vgonzalez@example.com,Michigan
52b3314b-1cdf-461f-9cd0-0b0de4f901fa,Mark Gonzales,32,sandra19@example.net,Alaska
475bb2ac-661e-4886-b857-05b3d0bbb703,Martin Woods,35,imoyer@example.org,Massachusetts
e6f5b1c5-fe33-49e4-89c4-e70156494e49,Matthew Melton,25,robinshaw@example.net,Rhode Island
70973f93-30e8-4851-9523-7a54ee769689,Darlene Ramos,21,oscar39@example.com,Ohio
060da670-69f1-42ac-9f29-3e67554a25d5,Catherine Smith,51,spatton@example.org,Alabama
09a735ee-29b3-4afa-9f5d-f06fb726e36c,Audrey Harper,37,tbowman@example.org,Nebraska
eebdde3d-9aca-4e93-ac3d-6edd2811d70b,Connie Brennan,20,dana28@example.org,Arizona
657c9c70-bcad-4bb0-a5bd-c1a85c3a7835,Jessica Hensley,51,brian42@example.org,Indiana
33fd969e-ed3a-4581-be34-5b84af0c699e,Crystal Warner,51,ilopez@example.com,Idaho
1febc063-56a5-4fa0-855f-1db77e350528,Matthew Burke,36,bianca09@example.org,Iowa
f5c9280e-f272-4ed8-92a5-5405197ec972,Michelle Martinez,32,chubbard@example.org,Michigan
a0ff3d32-300e-4e92-8e49-78950dc1feab,Christopher Holland,45,brendanorton@example.org,Utah
ab0de51a-6002-4ebb-b4ac-20e0febd67df,Lisa Whitehead,25,brandon71@example.com,Missouri
23d1fc46-5c7b-42f8-bca2-f7b1aebcbe05,Margaret Clark,68,petersonshannon@example.org,Connecticut
ba040013-201e-4ba5-b063-d827d9b795eb,Timothy Estes,69,nperez@example.org,Michigan
d8778ffd-c8c9-4470-ad22-4ed41b5b0873,Jenny Pham,52,stokessean@example.org,Colorado
3510b246-2a63-45ab-9d58-6fa51dfcd5dc,Brandy Peterson,38,ustokes@example.com,West Virginia
16e4b1f8-5a7a-4bd2-b42d-44cebc781ae9,Jordan Huffman,62,joseph11@example.org,Colorado
27cf004b-8d12-4660-95b0-ac7a4365f68b,David Erickson,66,dylangarcia@example.org,Minnesota
0654a18f-0b08-460b-9508-c6a385d9d725,Diana Caldwell,40,dorothy82@example.org,Massachusetts
47b37787-6b31-4424-919e-3400abe05ec8,Christina Brown,32,ujones@example.org,Oklahoma
266785a9-ec47-45e0-97e3-7f2fdad4eb05,Benjamin Fields,40,kelleyjeremy@example.net,Massachusetts
59ca3743-b38e-4581-9d99-bf9dc71d6d61,Amanda Reed,60,shepherdalyssa@example.com,Kentucky
f083a68e-e86a-4f43-b12b-970b36f3c81c,Bruce Hart,54,shannonhayes@example.com,Ohio
e925d9dd-4aeb-4a02-a9c4-03755b1ff841,Logan Jacobs,65,lward@example.net,Washington
a76e04a8-b649-4d26-a560-b28d8139073d,Whitney Stone,25,kennedybrian@example.org,California
28f16013-e2f7-4790-ae27-a8651f091c26,Lindsey Moore,54,gregoryjones@example.net,Kentucky
f8a2a6bd-f6c3-49f1-8666-4d0af9b49196,Karen Morgan,43,marshalljessica@example.com,Kentucky
89f017e3-f9f7-4e17-8705-5eb80c0a9adc,Teresa Morales,29,adamscarol@example.net,Colorado
9f6090ad-d77c-4e28-b2d3-4a7a55ed016e,Tiffany Gomez,68,jacobsdanielle@example.com,Vermont
cc91a8cf-7144-4699-988f-35b8b65167d6,Erin Smith,53,cmarsh@example.com,Alabama
5c17e9e7-affa-4cbb-ba7f-4ce2a88f75c2,Wendy Johnson,42,codyfox@example.org,Virginia
3893e28e-7ecd-40e5-826a-8a9c1d2bc013,Jose George,32,galvanterri@example.com,North Dakota
092cf953-7a2e-41c5-9d3a-1c59af6a9c37,Jimmy Garcia,22,olsondaniel@example.net,Rhode Island
08464a50-55d8-49e3-a7c3-88e296d57a46,Andrew English,48,jacksoncheryl@example.com,California
b2870967-114a-4260-af28-26dc256bb5bf,Tina Perez,57,michael58@example.org,Alaska
136f0655-5bda-48a6-aebd-20fc352b0947,Manuel Escobar,61,davisadam@example.org,Wisconsin
066a0829-299e-41ae-b926-a59c56960ba2,Dana Villanueva,31,garrettcaroline@example.com,Ohio
a2f693d5-981f-47da-bf9f-4184fc30fe8e,Juan Sawyer,23,rodriguezlatoya@example.com,Pennsylvania
43c0c3fd-3acb-4e8c-970b-08e7c5749593,Javier Floyd,60,jessica66@example.org,Connecticut
c3fd3c4a-1596-4c7b-a523-a843473d5292,Nathan Tran,24,thomasdunlap@example.org,South Dakota
547613b9-3d17-4bc2-9e31-576a75286fab,Alexandra Haynes,67,parkallen@example.com,Mississippi
b52d5065-85e1-412b-8824-99fcdd5c037f,Stephen Sosa,34,emoore@example.com,Pennsylvania
2b0c48e1-eb4a-4416-a8b3-2a66a7083b97,Jon Johnson,18,thomasdaniel@example.net,Connecticut
0ae06210-a365-48c4-945f-b59ebc74fe83,Jamie Meyer,30,cassandrawilliams@example.org,California
b79b0085-8bcb-47dd-ba10-3df86ae7e015,Madison Hernandez,70,brownaudrey@example.org,Washington
c617b2da-10bb-46d7-9f79-425ed7d99ba1,Erica Moore,53,shernandez@example.com,Alaska
7067317f-0790-4d50-9596-4804d444b658,Paul Meadows,34,shawnnorton@example.org,North Dakota
67f5ddb2-53ca-46f4-a86c-70e3f74af84c,Melinda Miller,58,christineholt@example.org,Illinois
fc63f0ac-e1c2-4cfc-bbfd-bc8b9dd1f05a,Kristy Guerrero,25,pcollins@example.net,Oregon
1e567c12-4547-426b-823c-1075eb8f0633,Joy Jones,18,christinarogers@example.org,West Virginia
0bb5e0cc-26bf-48bf-83d7-13d4ec5fe9ee,John Avery,60,tolson@example.net,South Dakota
eb5aba40-fd18-4926-8537-895ce3ed5411,Alyssa Roberts,59,zimmermanjacob@example.org,Nebraska
986ec7d5-e3d6-4f1a-b302-c4133cd16c90,Ryan Wilson,58,zbowman@example.net,Iowa
450148c3-8d63-4875-9dee-719f7a0f7bc9,Daniel Foster,42,smithjanice@example.com,Kentucky
87a388c6-0513-478c-b232-328e6cd6122b,Alan Wilkerson,28,kallen@example.net,Maine
c6506fda-a2e6-4821-83d5-300b8ce91bc0,Laura Mason,46,tracy20@example.com,Montana
8b0dcf63-216b-4dfc-891e-2bfdbcea3fdc,Adrian Sutton,40,whitney58@example.com,Ohio
373a8140-9b85-4f47-8722-5278eb3d9488,Zachary White,19,daniel69@example.com,Oklahoma
bebd73ba-3798-44aa-8703-e77b6acbeab4,Megan Wood,48,samuelpatterson@example.com,Rhode Island
f1790458-ed9f-490f-9f96-d1e77b8576e8,Teresa Frye,65,stephenrhodes@example.org,Kentucky
ef3610c7-56ca-4884-a072-9239f4db586e,Karen Griffith,65,wattsolivia@example.net,Hawaii
566c8379-0e65-4621-9ebb-4c8f19144e9f,Pamela Edwards,27,ikoch@example.net,Kentucky
3e4c86d9-2077-45cd-80e5-57c230512cda,Jessica Contreras,48,drewbrown@example.com,Rhode Island
3635099b-c8a2-42e2-8398-f4ff88654281,Jane Hughes,34,jennifer75@example.com,Rhode Island
37690ceb-2bd0-4d39-9bcc-68b3e92ba11f,Hannah Valencia,36,efernandez@example.org,Iowa
727ea4df-fde0-4154-bacc-c644d207776d,Laura Erickson,40,lwood@example.org,New Jersey
30992ecd-c548-4712-8fb2-cbb872edb3c1,Terry Davidson,43,ecallahan@example.org,New York
5561e4f6-2b5c-49b6-a23c-1ead1761f4d5,Scott Wilson,34,aadams@example.org,Georgia
5dd4adcf-9dfd-4596-8ff0-af0bc732c61d,Kathleen Hardin,42,gonzalezdawn@example.com,Wyoming
08df632d-613d-41b5-b735-c121b314deae,Kari Fritz,44,deanna22@example.com,Michigan
11ad4744-13c4-4b73-b6fb-1f82f0e96c19,Margaret Green,69,ewood@example.org,Oregon
c528c7c9-974a-44a9-8bf8-1e231c6eeb38,Leslie Davis,70,burgessmartin@example.net,Delaware
5f4328d6-f9a5-4173-88b5-4a0efe2f4d90,Molly White,39,vwalter@example.org,Wisconsin
987048bf-674b-4753-808f-3f9b2f4744f4,Michael Mcconnell,24,charlesramirez@example.org,Maryland
66fedfd2-657b-4a95-8844-3552bc94ec7e,Alexandra Torres,65,wferguson@example.org,Arizona
428451ee-4fe7-4244-afa9-4532754ea55d,Joshua Mcdowell,62,devinsmith@example.net,New York
0ef7fcf4-3917-492c-9eef-8066614dc006,Philip Gray,32,mclark@example.org,Arkansas
39e81020-b7e3-434e-9255-fd0e4455508e,Drew Morales,41,iwalters@example.com,Mississippi
71e5445e-8d9d-4f59-bd6c-26dc60c31b48,Gabriel Mccoy,51,howellsonya@example.net,Maine
fdec6560-6d22-4429-864c-e195ddaff2ae,Brian Morgan,36,kaneapril@example.org,Florida
1c690e6d-6834-4572-b687-a06cacd4164f,Richard Williams,58,gjensen@example.com,California
9ed1bee1-b907-4358-83c5-d95f94c8386a,Eric Cohen MD,53,ldavis@example.org,Virginia
33a9df71-1238-4a3a-8892-83d742e2f364,Rachel Reeves,70,msheppard@example.net,Washington
5bf02b59-e178-46de-afc9-2f0d22e53fc7,Kelly Myers,53,mullennathan@example.net,Indiana
babeada4-1d92-47a1-bc8a-918b23bee21a,Riley Smith,40,gainescarla@example.com,North Carolina
0c8546f1-86e7-4dc9-8c2c-c0fe62b6a666,Bailey Hoover,43,heatherclark@example.org,Kentucky
a51700ad-b449-486d-a1de-21688229a956,Joseph Brooks,46,barreracharles@example.org,New Hampshire
ccfedf20-5656-4189-a53b-4b8e7ac31f57,Amber Davis,20,rebecca59@example.net,West Virginia
c01c81d6-23a9-45a7-9626-e453b274bcdc,Carolyn King,26,ylamb@example.net,Maryland
9bea0b05-242e-493d-a8a7-14326bc0477c,Michael Moore,61,kristarosario@example.org,Rhode Island
529b6e33-05f5-4cf7-9d1c-52e05672b007,Tonya Chavez,38,carrjesse@example.com,Virginia
97955440-dccd-41f2-8f99-faa932f765b2,Andre Ray,35,theodorewashington@example.com,Iowa
94c37cbe-e474-4c46-bd21-3d1c377970b6,Linda Holmes,66,psaunders@example.com,Michigan
35fedf5a-75a6-45e6-ba99-59ce8fb88f3d,Melissa Reed,49,goodwinashley@example.org,West Virginia
5376c916-bffb-4ce2-b535-33383ea62360,Alexandra Walker,26,garrettrhodes@example.com,Pennsylvania
c1c129b6-be64-4743-b04a-a8a7e9170319,Kyle Phillips,22,opetersen@example.com,Texas
bc18163d-157a-4a59-88d9-8dc1411fedc9,Victoria Burton,57,vanessamorales@example.net,Georgia
0aeb1146-303f-4bdc-bc39-701a784afb5b,Jessica Alexander,32,rmayo@example.net,West Virginia
7ac9f78e-c165-47d9-9c16-82ac37add9d4,Amy Brown,21,anthony47@example.com,Arizona
2944e42f-d9ee-4309-bf4e-6ca740efe083,Joshua Meyers,36,hallroberto@example.net,South Dakota
a7c8ab72-7f1f-4984-a40c-0f4269c76cbd,Christian Colon,54,jenniferthomas@example.net,Maine
23f2fb4b-6ec0-4687-8424-6a4794864465,Ebony Smith,69,xrodriguez@example.net,New Jersey
babadfaa-fe0d-46e2-b119-706d3a0f1d8b,Kevin Johnson,29,nathanweaver@example.com,New York
8b6e8600-c22d-4fda-8108-6947953b4c3c,John Gray,49,nlewis@example.net,Delaware
63d32def-ef9b-4213-ad89-84133c5af308,Dr. Shawna Miller,41,michael47@example.com,South Dakota
1ce65a1b-eb70-441d-9dcd-f98207994b5e,Alexis Mason,54,caitlinshelton@example.org,Oregon
25e96b2d-4ddb-47f9-b04e-29b4f35f9e87,Mr. Wayne Huber,58,karareynolds@example.net,Tennessee
742c536a-bef1-40c3-a2a3-b9beb7d32520,Frank Moore,43,nelsonsabrina@example.com,Alaska
06a7a507-c945-4ae1-a302-d2a84c34de60,Cassandra Schwartz,27,schroederkatherine@example.com,Connecticut
94a5c4ec-ffa2-472d-89dc-593982fd8d1b,Jennifer Barnes,56,joy74@example.com,Kentucky
6f5e88bd-24aa-43eb-a927-00cac09008eb,Dr. Stephen Santiago,60,justin90@example.com,Utah
3842d1ee-a058-4d05-975f-407d3181d42d,Christopher Manning,67,taylordarius@example.org,New York
b7527125-3e38-4f79-bbb0-158f27d7748b,Summer Smith,43,anthonyyoder@example.com,Kentucky
06bf7c9c-3e6f-46f0-9b84-a5787a37035e,Brittany Larson,62,angelarobinson@example.com,Washington
06f6897e-4231-4380-b725-1e4d274fcc46,Jessica Pierce,40,btaylor@example.com,Massachusetts
39d92b5a-558d-440e-908b-d2030e0db2dd,Jennifer Colon,41,hollandbenjamin@example.org,Ohio
9303c3da-6c73-4167-85c3-656d101d8eab,Amanda Mcbride,34,debragonzalez@example.com,Oregon
4e98968e-f47c-4596-894d-961a18307356,Rhonda Gordon,29,joshua58@example.org,Michigan
df6d293b-c9a9-4c9d-84f0-331d58768fad,Daisy Kane,30,kberry@example.com,Texas
99694e4c-0b28-4175-8188-7e6b5ba998a0,Andrew Gomez,55,hectorjones@example.net,Virginia
b480cce1-6acc-4e27-8df9-ba206e42356a,Kimberly Herrera,34,jorgeshepard@example.net,Colorado
a375b8e9-3dd0-4fa5-a90d-108993de4091,Emily Thomas,45,brianhoover@example.net,Illinois
65b2ed19-6748-4c17-8534-6ebd518ec793,Jonathan Goodman,24,victoriahudson@example.com,Nebraska
eb5e0537-637d-4f4f-be2e-56bb12853c23,Diana Ellis MD,39,mercerpatrick@example.net,Alaska
d5474839-74ac-4734-aba6-7779272cd7ed,Teresa Ellis,25,gvega@example.com,Wisconsin
82cb15d3-7acb-4d42-bf1c-6ed697e6dab1,Ashley Maldonado,30,kelsey71@example.com,Tennessee
2105ce3c-c48f-48c2-91b6-0572b01cb114,Robert Roach,37,lowebarbara@example.net,Delaware
8aab4912-be9f-47eb-9521-5625c1c8962d,Sheri Hammond,33,howelldustin@example.net,Hawaii
a4238c7e-fb78-4332-8d5a-b7f22518c266,Edward Jenkins,47,websterchristine@example.net,South Dakota
d86929c4-c628-4f74-9edd-805bf6e2e814,Andrea Villa,43,iolson@example.org,Nevada
7b82c799-a6af-4862-9445-d91cdc1ae6ae,Kimberly Cantu,44,gomezdouglas@example.org,New Hampshire
1a14d8e5-6664-41cb-bff0-1edf3c1977a0,Ms. Julia Russo,65,justinzamora@example.org,Tennessee
8b12d879-3755-4780-8630-e0235b69709a,Adam Green,68,kaitlynhinton@example.net,Alabama
abaeb145-8d2d-4f8f-a438-cefdf65ba3e7,Keith Cruz,51,smithchristopher@example.net,Texas
eb01b1b8-3306-4cc1-8d9c-84e3bf8ae1dc,Daniel Brown,64,ohester@example.com,Kansas
fa311408-0c79-4d56-96b5-aa9cdceb7126,Christopher Kelly,27,kelly22@example.org,Montana
66ca1499-b222-41a5-b28e-bac426bdde7f,Jerry Hamilton,28,adkinsrebecca@example.org,Pennsylvania
dfe41249-1aa8-4ea1-a0f0-622ba20175c9,Lynn Diaz,28,wmartin@example.net,Alabama
46c26d11-f1b0-4dd8-b89b-98cfee39614f,Zoe Ewing,58,manderson@example.com,California
f48d6f3f-e79c-4abe-a98f-3aad4c315192,Daniel Bowen,39,elliottnicole@example.com,Missouri
c663a5d7-f0cd-49b1-948c-a711af8dd1b5,Stephanie Fritz,62,hollowaynathaniel@example.net,Hawaii
06a0f49c-0718-4933-b006-b0fd391202b8,Robert Mayer,53,murrayrebecca@example.org,Nevada
0b9bd45d-ad06-43ee-965a-86f9fb4f3c2b,Teresa Mayer,55,cory18@example.com,New Mexico
72a85b3e-b577-467e-aebb-7c3906ec0b5d,Amy Gonzales,19,carterjesus@example.com,Illinois
0e7d1ca9-6fd7-4326-a55c-dca1899c0072,Caroline Lawson,42,zchan@example.com,Wyoming
b51ee961-3b59-48fc-834d-39f552813fdb,Dawn Kane,30,trevor31@example.com,New Mexico
48ca1406-f93e-4a2a-9932-442b49216044,Mr. Jonathan Scott,65,belldouglas@example.com,North Carolina
797ddf68-b1f8-4d15-866a-477b7713b73d,Ashley Gonzalez,63,wchambers@example.org,Wisconsin
a1430996-2114-41a1-b031-3c229d8ae4fe,Gregory Ryan,59,vmorris@example.net,Wyoming
08e99025-0c86-4f2d-93db-999558c1b995,Malik Garrett,36,sgonzalez@example.com,South Carolina
71537a38-78dc-45e3-83da-9c702f151cde,Mary Hays,34,trobertson@example.net,Minnesota
8116d3cc-6630-4d71-a14a-da9e66ce7230,Matthew Guerrero,37,gward@example.com,North Dakota
ee1131c1-3d13-4250-bb39-39f0ced10c58,Joshua Mata,36,curtiseric@example.org,Illinois
dbea7429-de01-429f-a2b4-8a3332c86624,Erica Morris,35,rperry@example.net,Indiana
2a48ac0a-b85c-4f58-9184-5cfe18500f0b,Brian Mosley,64,loretta61@example.com,Louisiana
f7f604b7-b0fe-4fac-95d3-cf925beb1d57,Crystal Sawyer,65,narmstrong@example.net,Massachusetts
fab93dee-2dc2-4e01-815f-d86e608950cf,Sarah Navarro,31,longrobert@example.com,Illinois
22f96c66-bf1f-43f7-9403-1ea9d414fcef,Alicia Miller,67,amyjohnson@example.com,Utah
d83984eb-8a93-48be-a1b3-e38c17088041,Raymond Chandler,64,thompsongerald@example.org,Alabama
f44333a1-4493-4ac9-b63d-88dc6acffd68,Catherine Glenn,28,lozanomegan@example.net,Nevada
a984f259-53f4-4224-934b-83cdad65725c,Terry Evans,19,ferrellpaul@example.org,Ohio
2a9f082b-1495-4160-a2c4-779c628a3711,Tiffany Lopez,69,jennifercarlson@example.net,North Carolina
90754194-e4bf-4c3c-a0ce-bf99eac2433e,Ann Miller,26,swansonjonathan@example.net,Alabama
a323bdb8-551a-44e0-9210-431b886e477d,Kevin Martinez,20,frodriguez@example.net,Alaska
bc817e3d-2eb1-4d99-900e-95c838175aa8,Samantha Garcia,44,pateljoshua@example.net,Alaska
6b1dcb60-adda-4261-8f3a-8a55770be484,Monica Clarke,57,ericmcdonald@example.net,Nevada
8be44d93-99a9-4f2a-af66-a12def93f430,Tiffany Avery,44,tgonzales@example.com,Rhode Island
fce8dff9-0d13-4004-8f8f-57b43fc8b01d,Joseph Lowe,54,thorntonbrian@example.org,Nebraska
c1136712-fb4b-4f2b-a048-c8a4e38f3342,Alexandra White,33,brownjoseph@example.com,Ohio
cdaa3206-a093-4ad0-be00-85a5fe373cc5,Vanessa Martinez,24,carlos86@example.net,Indiana
26864f8c-6af2-414a-a3e8-586414de8e2f,Vanessa Flores,47,ehiggins@example.com,Oklahoma
21a31797-0cce-4886-a181-3fd283a7ce90,Steven Guzman,47,nancy11@example.net,Tennessee
ccfee597-a736-429b-8140-f4d32c48b58f,Victoria Howard,29,reneechristian@example.org,Massachusetts
15574305-f852-418b-b0cf-dd28e8392d2a,Alexander Herrera,28,qbrown@example.net,New Hampshire
4b597476-1451-4667-bd73-bc9426472660,Jesse Jones,22,ernestgill@example.com,New Hampshire
188fa27e-9bd8-4093-b72b-9d25f4bbab34,Dr. Connie Christensen,68,christine68@example.net,Vermont
d5f3c068-8371-4b1c-9961-8db3bf8d01a7,Jesus Barrera,57,donnafitzpatrick@example.org,California
2dc271ad-c4e8-4e7e-8705-45f8609a7e3f,Elizabeth Grant,41,gilmoremelody@example.org,Arkansas
e9fead25-526a-476a-b8e9-2f9a79e7e5d9,Kelli Erickson,61,martinezcolleen@example.net,Ohio
6b5e7c43-21fb-49a1-abd2-b8c230439364,Peter Soto,61,stephencarter@example.com,Wyoming
a6e4ffa0-ac8c-4662-82e1-1df9f96657c6,Mr. George Davis,31,melissa84@example.com,Indiana
6528fcc1-ed57-4c88-ad66-c863c7a4bedb,Jack Lawrence,31,vaughanjames@example.org,New Hampshire
d640a86f-f2f1-4113-a1cf-c1fb6f64c2d0,Kathleen Elliott,51,samantha77@example.com,Hawaii
beb67a92-d509-4ca3-b6dd-df5c755b4b25,George Zimmerman,24,tinajoseph@example.com,New York
5d94fb2b-2bb0-4d6c-89d8-4bcb388b8c4d,Mark Cherry,20,cooperstephanie@example.net,Virginia
3acf0a5c-f2ab-4251-84e8-971599ec87ef,Jeffrey Edwards,52,philiparcher@example.net,Idaho
311ccf59-b53e-4ed3-9c2c-bcd3931f9e08,Robert Lara,63,kristaferrell@example.org,Montana
365802e6-8861-4ec2-a5bc-5868a79410ce,Erica White,27,xhayes@example.com,Hawaii
fff61261-3d86-4a6e-bd4f-c9beb4be55fc,John Martinez,52,brandy96@example.com,Connecticut
cf76cb41-1926-461d-92f7-344c69374d04,Nancy Cisneros,41,melissa68@example.net,South Carolina
c6e075de-7a8a-4ab7-bdac-ed8c1e772786,Robert Lozano,27,austinamy@example.com,Kentucky
06ac8f53-d227-4c02-b68c-fd5a43d06970,Amanda Howard,67,mcfarlandcynthia@example.net,South Dakota
fb932f6c-5698-4e2a-9072-01535d64091f,Karen Little,69,davidbaker@example.org,New Mexico
6496bbc5-35e8-4955-a601-7acd0da678a4,Catherine Walsh,24,nbailey@example.org,Texas
afc479b6-bf6b-437a-81e7-96ca6f775d92,James Green,28,perrytravis@example.org,New Mexico
7c455844-d6dd-4854-beb7-c6d910933ec6,Joanna Morales,29,rnichols@example.net,Kentucky
6da647c0-c87c-4044-9b51-90be2db7d427,Pamela Perez,49,ashley79@example.net,Idaho
427fbd84-65cd-4582-9704-130a86bb74ca,Stephanie Jones,32,avang@example.net,Hawaii
306ae15c-1994-4264-aca1-3e75c9cc3333,Crystal Wolf,40,zcastro@example.net,Georgia
d16a2232-a8d5-4aa0-9244-647869e4008f,Nancy Riggs,66,murphydaniel@example.org,Wisconsin
0ad59d25-9a74-4ed3-9216-49dae2ee005e,Ryan Raymond,30,hernandezandrew@example.org,Massachusetts
acd99262-781b-47dc-826d-d3f0fdcfedaa,Danielle Martin,43,christinereeves@example.com,New Hampshire
0252c363-a03c-4b33-a9e3-df5b7f7aa5c9,Edward Hall,19,andrew21@example.org,Oregon
517e6be1-b360-4ac2-9de1-3fbf0549b774,Rebecca Le,59,watsonvictoria@example.com,West Virginia
16ac4e14-ec0d-4697-85c3-f70018209c68,Lisa Brooks,29,mcintyrestephanie@example.org,Utah
18aecfac-3685-400d-a58e-9b2ba8c1320a,Natalie Ward,63,oconnorlauren@example.net,New Hampshire
7783f3d8-4fe7-477e-baf1-3d636deb127e,William Bradford,23,michaelmedina@example.net,New Mexico
e2f583a0-5768-4ae5-8793-36f1bc3b17c7,Amanda Eaton,39,youngcorey@example.com,Oklahoma
3ae7624d-1cbd-4ce2-ab95-84ac2b934b33,Brenda Ho,64,xleon@example.net,Iowa
7081e42e-04fb-4d54-91e9-a3bc12fc0d43,Paul Hayes,22,suzanne40@example.net,New Mexico
a37cd841-2e04-4de6-a251-a0685b49e1f5,Elizabeth Cabrera,25,deborahpatton@example.com,Connecticut
2b060ed6-1b50-45b1-87af-0db9e6c270d0,Michael Monroe,46,kristine94@example.com,Maryland
2cc9b4a4-e644-4f5d-bb64-f4caec2889f3,Rodney Hinton,43,daniel03@example.com,Florida
3365d8ef-b4b3-45d2-be23-d70101a96cde,Paul Ponce,35,brendanrogers@example.org,Maryland
e497a316-b7c1-4fbe-8755-6cbf089d29b3,Isabel Lam PhD,48,cynthiawalker@example.org,Michigan
b7039a1e-0bc6-478f-b4ff-c3fdf130bed5,Dr. April Scott,50,jimdiaz@example.com,Vermont
72b6bda6-873a-41d8-a7a3-aab89766ddbf,John Jones,49,michaelcarroll@example.org,Utah
1bb97260-72ce-406a-ab9a-feca7bba3e81,Alexander Hart,69,bairdmichelle@example.org,New York
774ad955-fb42-4e61-8f33-8f0f80a614a5,Brent Escobar,26,gsparks@example.com,Maine
48bbf762-9a59-4216-817e-5a57eda90462,John Foley,66,lindseylewis@example.net,Maryland
0f4d239c-71f1-4412-8e74-c10b64bd7ab1,William Mitchell,37,daveward@example.com,Wyoming
3a725027-47fc-4987-8087-b511160f7ce2,Karen Moss,66,mramirez@example.org,Iowa
9103277e-e305-448e-bc95-bdcf22b08562,Mr. David Tran Jr.,50,lopezwendy@example.net,Maine
a9f547d5-dcc5-4fa5-9830-96462ff9b15f,Angela Carey,56,aweeks@example.com,California
e18509d2-2fd4-4d76-8151-b7768f9bb9ef,Steven Phillips,55,caleb74@example.com,Massachusetts
e06b3f53-3d68-425d-9ef5-3d2db88ed8ab,Barbara Bray,19,jacqueline84@example.com,Texas
9adb4240-0ee7-4624-b333-3d5143947c50,Kelsey Smith,23,sullivaneric@example.com,South Carolina
47ec1342-bce3-4300-b38d-8ca49ada1720,Kayla Richardson,28,paulahess@example.com,Mississippi
ad77ec36-36c0-4eed-b37e-c24c0b856855,Jennifer Keith,61,tiffany28@example.org,Arkansas
661d09c9-cdcd-493b-abd5-963e0661da2c,Mary Howard,58,joshua11@example.net,Nevada
93f4a710-c5c7-4e1a-ae3a-33885bb86fd9,Kimberly Thompson,63,srojas@example.org,Idaho
128de8c2-dca0-477a-b66a-38a6a197e225,Dr. Julie Gates,60,christopher40@example.com,Washington
cd0d1287-555e-475d-ba5d-fb4d9996ec59,Sally Kelley,42,perryhannah@example.net,South Carolina
a2cdf821-9d0e-4a07-b144-0e84a29fbc04,Madison Wilson,22,whiteheather@example.org,Louisiana
11a0f8dc-9dea-4aa5-a754-46b0e45febd4,Adrienne Bowman DDS,66,pkennedy@example.net,California
e257d3e4-ae1f-4114-9d53-86ba3e1a7c04,Laurie Joseph,33,castronicholas@example.org,Missouri
f5961dde-da6f-4b74-af12-bc4832fa6a6d,Matthew Moody,36,hhall@example.com,Montana
20d0cd85-b358-4edd-b918-6a67b7f4fa15,Roger Archer,66,hbarry@example.org,Alabama
b9c4743f-de6e-41e2-a86f-61eb87e29ebb,Gina Reyes,28,kristi24@example.org,Maryland
5b80b721-4372-4955-8726-cda18f358ed9,Martin Brown,20,wilsontaylor@example.org,New York
7780cf33-01f2-4de7-856e-99b36b63e4ac,William Washington,66,williamadams@example.com,West Virginia
1238f826-be5d-4c88-b849-c69932c94804,Patrick Trevino,69,glendabrooks@example.net,Mississippi
d121b72b-6993-4050-bf21-ae74c687bedd,Daniel Mcconnell,40,juansherman@example.net,Maryland
a80f59ee-79e9-4367-8f35-5b2c6bcaa757,Teresa Baxter,59,kevin40@example.org,Hawaii
6af82a81-941b-488d-84c5-68894fe54c58,Jason Salinas,23,fgreen@example.org,Hawaii
d564ed47-e6d5-4f1a-9d2a-600f3d241497,Daniel Campos,29,harrisoncatherine@example.com,Virginia
0cf1ba97-9434-49d7-8a76-97b461aaeee8,Samantha Martin,55,fwood@example.net,Wyoming
8afe86b3-206a-4461-8f2f-f5ede527998a,Kenneth Barr,41,brett61@example.net,Wyoming
e19ff2f7-d5c2-4b76-b21e-14c6c37863f5,Rebecca Willis,64,lewisgary@example.net,Virginia
2e99627d-c1cc-4709-a3c2-0bc38233b45f,Jordan Peck,60,usoto@example.org,Idaho
255f799d-3249-4954-926d-875aa5d37821,Debra Wright,67,hendersontyler@example.com,South Carolina
4474fb99-2e23-4ec7-88b5-fc4930c81ba3,Nicholas Gilmore MD,46,briggsjoshua@example.net,Pennsylvania
2e1aece6-053f-4094-b9ca-8a3accbd24bb,Elizabeth Baker,57,robinsonbarry@example.com,Michigan
07bb047b-8821-41cd-a488-dc1df7eec0a8,Sydney Durham,22,wanderson@example.org,Oklahoma
dad54da1-7072-4080-b0bc-ed2d2097b0e6,Natasha Riley,61,jonesmegan@example.com,Tennessee
5c3ff5d5-5d15-433c-8975-00cec9dc481f,Daniel Harris,18,imarshall@example.net,Alabama
869437e7-c0fa-40bd-8ff9-0725981e789e,Jack Williams,38,cardenaslaura@example.com,Utah
d0187cc7-3d6b-4a49-a51d-cc1e5ccf9ee4,Sydney Harper,32,escobaramy@example.net,South Dakota
3193656b-8e19-411d-a31b-747b7321f2b0,Shane Martin,28,charlesolsen@example.org,Idaho
92258833-0ab9-4b15-a917-a0f4394f4011,Jose Robbins,48,smithgregory@example.org,Connecticut
6c907e93-e50b-4b66-bf67-5200b7b45cbf,Kaitlin Solomon,41,browndavid@example.com,Georgia
82bb4be0-3a87-4fa4-a2da-c3df18f19a42,Brandon Skinner,45,yayers@example.com,Mississippi
49ddb901-91e9-4b7d-943c-1c2656c33ef3,Crystal Thomas,42,mburke@example.net,Hawaii
3bc05bf5-13a0-43a6-914e-7a268a60bd3f,Shawn Fischer,49,parkertracey@example.net,Oregon
37155c97-a18e-46e9-9f99-b8847560fae0,John Barrett,48,joshua22@example.com,New Mexico
1c42b7ba-8084-485b-9c4f-eb184e6fdc6a,Christopher Tate,24,xsmith@example.net,Michigan
203a45ce-82ef-4e08-b3df-e111999e01d4,Michael Cisneros,30,ocowan@example.org,Ohio
d389b141-fa18-44de-a2ed-ab0a3e574c0f,Diane Ford,22,ijohnson@example.net,Texas
8b0b8db1-4b58-4488-a943-1fe409c683b3,Shelby Cooper,44,jimmytucker@example.org,Florida
949d6305-05c3-4e43-ab21-dad5f2359a7c,Steven Yu,32,bbrown@example.com,Minnesota
29775ec8-c2f3-4de8-a8f5-b63e93708819,Daniel Smith,53,ballardbenjamin@example.org,Colorado
e247c1cb-5a93-46c6-95a1-28fbac7d210e,Michael Gibbs,24,cbailey@example.org,New York
41339f40-2e76-49d4-bd8d-eaee96f1308e,Deborah Taylor,23,copelandanna@example.net,Arkansas
0e62f025-d5a5-4b03-96e0-87d89810f0b9,Matthew Frye,32,yclark@example.com,Texas
c6e2b441-2100-487f-a780-f7f24aa959af,Peter Logan,44,rliu@example.org,Missouri
0f7154db-3a22-4215-a23d-0ed5fe0bf117,Sherry Jackson,29,hcooley@example.com,Maine
cd9f2e14-8e8b-406d-b7c1-8fc790d1a2fe,Roy Butler,48,simmonsdennis@example.org,Alabama
18dce6f8-6c07-4f23-bd24-d114b76a330c,Christian Walker,36,kkeller@example.com,Iowa
5d6b5e8a-8a45-4c77-bbda-a8de28db05b8,Lindsey Day,68,kingjason@example.org,Georgia
e71ec93d-0cff-428f-9f10-6d4f3baa1bde,Wayne Wells,37,anthonyperez@example.net,Minnesota
c04e25dc-78fe-4790-a4d7-ee1135b776f8,Emily Humphrey,32,twalker@example.net,Massachusetts
e547a63a-176b-435a-80c7-624e13b7ff53,Mary Dominguez,38,john85@example.com,Kentucky
e4e3adbb-9d44-471f-9d80-a512b4a0f978,Linda Scott,21,carlsonstephanie@example.com,Louisiana
3289eac7-3b16-433f-b4e2-e48bbd2db3b2,Timothy Lozano,56,hbryant@example.net,Louisiana
b3403810-9f3f-47df-85ae-03ba548739cf,Eric Herman,63,timothy63@example.net,Missouri
f6bfce7d-ba43-4111-98ed-89b29399370e,Cory Pittman,46,laura29@example.org,Minnesota
31f73cdb-62ad-4b95-9654-b9f8d3adb237,Krista Evans,63,carpentershelly@example.com,Arizona
1582bf15-ea4f-4f0b-9c15-c6837f6290cc,Scott Sanders,53,henry29@example.com,Tennessee
be27f60a-175d-4acd-b580-994f86bd33b0,Jamie Nelson,63,deanna30@example.net,Kentucky
2ee18f73-e24b-4f3f-9de1-4236d6f102b8,John Stevens,25,justin66@example.org,Mississippi
da3b8645-f9f6-42d8-a937-e840e624762f,Charles Rodriguez,55,warrenlopez@example.com,Georgia
af471a55-e25e-48e4-8a37-c3d5f52c4ec9,Christina Clark,37,kelly47@example.com,Oklahoma
d45d7503-d2ef-4e78-8dc1-ea867bcad94e,James Campbell,40,dsmith@example.org,Rhode Island
65aa0224-3646-42cf-8293-9ed2e917475e,Ashley Osborne,56,angelamills@example.net,Missouri
df40cd93-967b-48cb-96bf-3e0029c13a6a,Holly Roberts,66,brownpatrick@example.org,Montana
e0802a58-d28b-4a29-868d-89d12ccc606d,Catherine Andrews,66,kayla77@example.org,Georgia
78d3983c-097d-4b21-b9c4-977a57e3ae23,Bradley Lewis,32,anthony83@example.net,Idaho
f13c70e9-5c5c-4ca7-a0bb-50e1c12e1ff3,Tiffany Pena,57,benjaminparsons@example.org,South Carolina
5b64cb76-134d-4c24-bda5-fec26c18f65e,Traci Cruz,51,hdunn@example.net,Georgia
9eb67ab0-e5bd-4d75-8280-df5466e107b7,Daniel Ramirez,19,teresapratt@example.net,New York
62f65d12-4bdb-4372-8b67-03583bb359a8,Samuel Harper,25,andersonlynn@example.com,Iowa
c081c240-4143-49cc-9693-361f8fb84059,Melanie Rice,33,sarahglover@example.org,Utah
5adff6a6-5ee2-4ecd-8cbd-f01c4f8b37cd,Allison Hughes,57,jason13@example.net,Arizona
f845e1e5-28ac-422a-98b9-66d5cc673485,Daniel Smith,43,ijohnson@example.com,South Carolina
7a3a55d0-04f1-4bd6-ada5-20b38dc87f5e,Cynthia Leonard,44,ruth83@example.net,South Dakota
4b4a067d-8c05-473a-acfd-dae7b0d5521b,Mr. Daniel Osborne,69,imiller@example.org,Montana
54b99c61-add9-4157-ac22-32b7d801c83b,Ricardo Rivera,54,christinebradley@example.com,Arizona
b8fc44d1-7634-4fa5-808b-8a352bcf1457,Christopher Medina,56,robertarellano@example.com,Mississippi
97cc1c9f-1f65-4617-8d0b-174cf8782597,Maria Wolf,44,medinachelsea@example.com,Virginia
710b6a1a-0bfa-4a79-b92a-ec5d7eb6b918,Susan Davenport,57,mjohnson@example.com,Oklahoma
45f3f83d-03a5-4432-8a92-e5453aee1f84,Teresa Day,22,matthew69@example.net,Virginia
28916fa7-821e-42c2-913d-0375853ef291,Maria Lloyd,37,kingpreston@example.net,Minnesota
7ea2f087-e19a-4ffb-ac58-6d0fc102b051,Mr. Richard Morse,30,jacob30@example.org,Tennessee
868f98ce-f964-4bf3-b0a2-1d296ec6d560,Jodi Walker,70,stevenjohnson@example.org,Massachusetts
be49bf61-1f0f-44d8-b755-3f75d6071982,Robert Allison,27,lindseykristina@example.org,Oregon
1e82d843-acdf-47fb-bc8b-4b6d83158d4e,James Kennedy,49,lrowe@example.com,South Carolina
0464dad5-8647-4252-86f2-a341c82b8f47,Andrea Washington,41,samanthacopeland@example.org,Idaho
19747dab-f0bf-48a2-9e44-312ec90b7daa,Lori Lee,59,jamesrebecca@example.net,Nevada
3641f4b7-19ff-406c-9466-6c9b856cc629,Stephanie White,65,patriciaschmidt@example.com,Rhode Island
fc42d529-042d-4d99-bb2e-6c0a6e0e2220,Ashley Bryan,39,jim89@example.com,Mississippi
32eadebd-6073-4471-859c-83efd28a463d,Michael Thompson,65,martinteresa@example.org,Massachusetts
a4b61161-e52a-45f7-bac3-9f9909da0059,Samantha Woodard,65,gcohen@example.com,Missouri
7e5dd843-e7ed-42dc-87d4-fe4a1ab30bcd,Patricia Clark,64,youngeric@example.com,West Virginia
413167b4-c1ef-4677-95f9-fd17fc053ef8,Brianna Roberson,66,joshua52@example.org,South Dakota
001e4c52-82ca-430f-94f0-c19c39e664b3,Thomas Beck,50,wayne29@example.org,Vermont
a580234b-7f40-4842-97f2-2bcb08ad945d,Shannon King,61,rowerobert@example.org,South Dakota
a39dfd34-8666-408b-99f1-521c69230b93,Nicholas Gutierrez,48,hoffmanjoseph@example.com,New Mexico
e0bedf1b-c01b-41c0-b0ed-b676d4360629,Angela Owen,70,paul00@example.org,Vermont
9f5e599f-6a7b-4d4c-a119-ba57dce4c378,Michael Shields,36,mark68@example.org,Arkansas
39508d3a-1458-48cc-afb7-e05aad52e1f3,Jonathan Ray,66,josephdavis@example.net,Rhode Island
998b2490-24b0-4ab2-af4e-8e6e145e188d,Jessica Norris,67,wpayne@example.net,Hawaii
1d2956a9-06b9-449e-93cc-d3b9bfcd1511,Jason Sanchez,65,timothyrodriguez@example.org,Iowa
217918eb-e17f-4cc0-97ab-a3ccfcd21e0c,Jacob Bell,48,tinagutierrez@example.com,Ohio
6cd7633d-6f4e-4d45-a8df-5f2e392922b7,Tara Walker,41,jessemurphy@example.net,Florida
fc0a8b8f-ec8b-434e-8ce9-1f84798036a5,James Johnson,67,ldavis@example.com,New Hampshire
df8701ce-4e29-4d93-986c-e47b0b25d4b3,Heather Richardson,18,teresa48@example.com,Maryland
34e6ccee-3cc8-4fd1-a3d0-3b6b4f8d45ee,Ashley Stone,18,davisjerry@example.org,Rhode Island
e86e3f82-b03b-4a33-9157-c1b354f27eaf,Gene Ross,50,gguzman@example.net,Alabama
c67e3133-dcd7-4c46-b38c-f4b59c79097f,Arthur Banks,51,cynthiathomas@example.net,Oregon
d1d8e429-8402-4865-8c7b-84a32447bae1,Audrey Garrett,70,danielle89@example.com,North Carolina
d22aea6f-d703-4285-9533-d77a8a14aae0,Kevin Chen,25,ericamelton@example.net,Georgia
42517f7d-9e8c-4910-a1bb-41714b04da8d,Pamela Chambers,33,gomezrebecca@example.com,Mississippi
985603e0-0fcf-4e8e-b802-48a6a7ff3276,Ryan Gibson,46,michaelnewton@example.net,Illinois
12f0e541-a6ca-4e06-9769-a13815265809,Joseph Patel,19,ryancurry@example.com,Nevada
23e75d50-265c-4016-9d5e-78d56ddea7b9,Gina Suarez,23,williescott@example.org,New Jersey
3c77e4b1-0194-49d3-89b4-45fd179e17e5,Kathryn Coleman,68,christopherhall@example.org,Indiana
8c0e6641-a331-4383-9d60-a00803170327,Melissa Walker,69,nicholaswright@example.com,New York
fb729af5-c192-4fd9-96bd-5338d7c18c1a,Mario Rodriguez,19,whiteamanda@example.org,Kentucky
749c8d28-1611-48de-95d6-3537497567a1,Miss Tiffany Mcfarland,69,tyler16@example.net,Michigan
970c8399-36f7-4cb2-a5ce-460088cced98,Andrea Sherman,39,mclaughlinvanessa@example.org,Pennsylvania
1424e6d0-924d-4b0d-9dfd-72b30c704c1e,April Miller,61,perezjeffrey@example.com,Kansas
02b290cb-a02d-456e-bb04-cbf5b9ef8f44,Christopher Moran,20,dle@example.org,New Jersey
1ef0b40f-c5b7-4a65-821b-52cc569c8070,Brittany Wood,28,alyssacampbell@example.org,Louisiana
0c99bded-28f8-41d5-a38b-300fc17e90b8,Katherine Lucas,63,tammy47@example.net,Oregon
7e0e0eb4-5517-4fa8-bf28-b7aed70db966,Elizabeth Gillespie,26,sharonburns@example.net,Wisconsin
a924ef84-2d24-4a36-9d5b-a1ee5ff05e7c,Jason Jackson,33,stewartmichele@example.net,Pennsylvania
da752e37-cca5-4b23-8757-d7fa9039f652,Denise Cook,39,kevinreyes@example.com,Connecticut
41b90402-cd0c-44bd-b1ff-ba65d3d3eb4d,Christine Knapp,31,duncanpatrick@example.net,Nevada
bad21e48-65d5-4542-bc8d-ad63ecb485df,Katherine Davis,34,zachary25@example.net,Ohio
6471d0e3-802f-4b88-bf3b-958ec8f9f3f1,Krystal Shannon,37,ballardsara@example.net,Minnesota
1adab2de-d6f0-43a6-8ad5-3c92a55250a8,Carrie Harris,54,michael02@example.com,South Dakota
98c2646b-83a5-4c5b-acf2-7c2bde866cc2,Dylan Baker,28,jasminetyler@example.org,Michigan
8dda0f95-4018-4a04-bcac-5a98f24faff8,Ryan Clark,70,stephenhubbard@example.net,Minnesota
11b9405a-3b59-4651-b8b4-1fcb28cadb2e,David Smith,57,michaelkelly@example.org,Alabama
a6965fc3-d278-4a2e-a63e-77f12a7fc3d2,Henry Sanchez,58,belinda47@example.net,Arizona
116c6644-b92f-48de-a465-42a30c35dec8,Paul Jackson,47,david82@example.com,Indiana
c7e088da-f313-4f04-baa2-411e7fb29508,Brenda Wolf,38,williamsdavid@example.net,Vermont
eb6e8485-f9f9-40e6-8196-ece8bae5b9e2,Brianna Murray MD,19,jacobweaver@example.com,Montana
dcb7d760-1b56-43ab-97de-46a4b47d0a01,Autumn Collins,47,adamskenneth@example.org,Idaho
1bcb4dfd-1fa0-45bf-b398-a0d6c3984100,Jodi Fischer,57,eroman@example.net,Wisconsin
98f67416-bdc6-4f90-9143-52227592c566,Sarah Scott PhD,33,ujohnson@example.com,Virginia
5620ae9e-a46d-4ac5-b569-8aae3059d7a7,Justin Ford,54,zsmith@example.net,Wisconsin
9cf9fb32-57f1-455f-9364-aee21b16f76b,Alexander Morse,66,leecheyenne@example.org,Connecticut
4edafafa-2343-4c24-8367-839f4d6ad630,Austin Hickman,55,nicholsonnathan@example.net,New Mexico
4b3f416b-5048-4e8d-9fde-da6bcd97714d,Sabrina Buchanan,68,amberdean@example.net,Arkansas
17a8522c-2cfb-4afd-adce-466907fea262,Richard Hill,24,ubarajas@example.net,Utah
12a2e38d-5737-458e-ab3f-91129c705b3e,Gina Cohen,54,ybutler@example.net,Georgia
497c79eb-5131-4498-9867-5233300da32e,Mr. Anthony Jackson MD,31,yward@example.net,Alaska
20e776b4-b428-44ed-ab9e-bf6fdb7c2008,Alfred Wright,20,scott88@example.com,Louisiana
2e0ccbce-68b9-4a0d-8d6d-3c816849e500,Bradley Clayton,27,nserrano@example.com,Virginia
f74ab8fa-9dd9-45c6-a023-7be87b18d6bd,Joshua Johnson,43,danny71@example.net,Colorado
213375f9-81cd-4e11-84d4-cd247988ab1c,Michael Morrison,36,holderjanice@example.org,Kentucky
b2efe679-9e32-4435-abbb-606e0e3be772,Joshua Lang,37,kelly77@example.com,Wisconsin
a74d2570-8986-42a1-8360-eafac5291784,Erik Mercer,68,davidsmith@example.com,New Jersey
2f86374d-8d46-4eaf-8895-1d81224bf78d,Anthony Fisher,47,dlucas@example.org,Washington
fed680cb-51c6-4184-9b6d-673dca0c8637,Kimberly Jackson,54,jimenezdaniel@example.com,Ohio
73d17537-0d7d-41b1-bfbc-deae0cd16e83,Greg Thomas,26,anthonywhite@example.com,Oregon
3ff09589-4882-4534-88f8-1426c1021241,Ashley Edwards,33,foxandres@example.org,Wisconsin
a64f0b5c-75b2-4c95-92ba-47b8b5eb3420,Joan White,53,deanna12@example.net,Alabama
3c11ed82-fa04-4e83-95fe-5b53a51953e3,Rodney Williams,51,rhonda99@example.net,Montana
fbf254f0-94e1-4e30-a273-a42df801f087,Nicole Johnson,42,pstone@example.com,Idaho
c71bbf00-4caa-40f6-916d-7ffe74443b20,Jenny Bass,53,sanderson@example.org,Nebraska
0982f6f3-7e42-428b-8cd6-2e8566b203c4,Bryan Vargas,59,bpowell@example.net,Massachusetts
59dede88-781e-488e-a39d-5ccb6887fd4d,Christina Flynn,23,allison24@example.com,Maryland
eebdd325-89b0-4b6f-ac28-12f8f1e8f809,Matthew Good,46,dcooper@example.org,Washington
0f084cd1-7f9b-4e10-9632-57d40da94898,Meghan Bradford,52,davidwebb@example.org,Ohio
878d3274-f773-4aa5-a400-c4ea97d1eeae,Cynthia Allen,29,jeremiahbrown@example.com,Georgia
f555d761-5499-4e44-99a3-a99876b2d060,Jeffery Lam,33,matthewgross@example.net,Rhode Island
c94a54e1-3e34-4855-a1ea-ba1f47d21432,Diana Obrien,50,michaelnorton@example.net,Georgia
721c2332-a8d5-436f-b11d-549e2047ba3b,Claudia Jordan,53,mary67@example.net,Wisconsin
f98a31c8-a34b-4966-88d0-d0b860e7151f,Larry Maldonado,21,jacob94@example.net,Delaware
5fb7a2f4-0c43-4d50-b510-2fc336fcfa76,Leah Leach,51,jennifer43@example.com,Michigan
789a65b1-92b4-4ba8-8472-d02795b2b5ca,Dennis Khan,50,greynolds@example.com,Wisconsin
b2c0b522-94ba-4582-b8b6-bfcaf2e6303a,Connor Huerta,27,melissacrane@example.net,California
9afc48f8-6176-407a-9c83-ac2304a45ab8,Amber Robbins,36,smithnathan@example.org,Massachusetts
9f54bdfd-52e8-493a-ac21-f66447b23fa5,Gary Serrano,38,michael34@example.org,Illinois
81dcd2af-d636-43d7-8854-71b56e469278,Timothy Short,26,dcruz@example.com,Wisconsin
376d0bfa-ce8e-419c-b03a-80f162cc283c,Heather Kirk,44,nancyhughes@example.com,Nevada
f93b6f77-ed2c-42da-ac7f-101d8b10b19c,Thomas Roth,58,gallowaykevin@example.org,Nebraska
7712a735-24d7-4605-915e-f63d6dd3d548,Michael Sanchez,18,csimmons@example.com,South Dakota
0bc4da4a-55ea-4dae-8b4b-637ae6af1fce,Gregory Hughes,27,lhines@example.net,Maine
5450e9b4-d10a-4a1f-8aa0-70690bf1a0c5,Barry Coleman,48,margaret39@example.net,Alaska
4f3bb3e6-dc30-49e9-b142-f3178ed7dd8d,Louis Nixon,55,jonescaroline@example.com,Wyoming
6262c009-87a2-4b3d-a02f-9c8f9652d42a,Melissa Wright,46,sarahshannon@example.net,New Mexico
4922ec60-f13d-4690-948e-fe2c850c1614,Stephanie Gordon,44,quinnkristin@example.net,Tennessee
0d468158-ff08-4064-a9ed-b1d747b75bf0,Amanda Mcgee,41,zmoore@example.org,Oklahoma
2a033462-5d95-496a-8293-80927d2f2d6b,Emily Jennings,58,hgamble@example.net,South Carolina
654374f4-28dd-4fa1-8afa-1facacc90ee6,Joseph Collins,43,alisonharrison@example.com,Arkansas
0866bf0a-3406-4af6-85c8-35d152ff2425,Stephanie Pham,36,bowmanamanda@example.com,Wyoming
a59627dd-c37c-4e09-b387-e5c57e57d778,Holly Rosales,48,christian65@example.com,Georgia
0505caf7-95e2-490e-b74b-e7589d3a35ab,Angelica Chan,36,sphillips@example.org,Georgia
3e8968e6-3608-4f48-925c-ba73223379c0,Matthew Reed,67,carloslowe@example.net,North Dakota
eb833969-374f-4b9b-8459-7fbd57ff415c,Tammy Kelly,52,scottpeterson@example.org,Florida
bfa91acf-05a7-4d66-a6b6-3bb0a8cd20b2,Diana Miller,45,cmatthews@example.com,Oregon
9cfc1e43-42ce-485f-984b-17249f32112a,Mark Travis,21,whitethomas@example.com,Maine
f265a928-c3f1-4945-a1f7-5c139b4ea577,Olivia Bauer,48,haasbryan@example.org,Vermont
09908b89-d652-4f42-ae24-f6db85ecbef5,George Mckay,67,jessica68@example.org,Colorado
b68733f7-3adb-4b08-9ee7-67f2af42f63a,William Juarez,68,ibarnes@example.com,Connecticut
6031a6cd-6171-4b09-907b-dfb2249d37bc,Jody Brooks,22,kristine17@example.com,Tennessee
3307ab04-e0ac-4f26-bf28-b0ba30ea03fc,James Wilson,62,vschwartz@example.org,Vermont
7bf65b2a-b6d4-459a-b22c-45d22e3be24f,Miranda Brown,63,zparsons@example.org,Missouri
48255107-c6d1-44d9-be15-803febd86be7,Kimberly Horne,41,proberts@example.net,Connecticut
10120109-1fcb-4747-8e41-9601b88bc2d9,Benjamin Larson,37,christinarodriguez@example.com,Connecticut
c4a47d9c-3839-4fb4-8027-092c73c711a0,Parker Schneider,66,kathleenmiller@example.com,North Carolina
f6f84869-88bb-43bb-a865-abfb577d5ef5,Mrs. Megan Howard,35,thomasvillanueva@example.com,Virginia
4fb9f2c3-0aa9-44db-a045-dc3e824c56c9,Susan Poole,65,kellysanders@example.org,Louisiana
1afb5d37-7d01-4408-ace3-9764fecbdced,Ashley Young,41,andrewsbrian@example.net,Virginia
15399017-0d66-4f1c-a852-8ab31d114a64,Alexander Evans,70,vhinton@example.org,Hawaii
5a07a717-8b4d-402a-a50d-80b70419a37a,Nicole King,30,nlee@example.com,Oklahoma
a3e44783-b28e-4edf-91f3-265c519c6f98,Ryan Dixon,62,scott17@example.org,North Carolina
4a86ec0a-7cbd-4e29-a318-77e2af5cec49,Dwayne Clark,36,efranco@example.org,Pennsylvania
4d8da9e6-4ce2-4797-9b14-3471fb39834f,Ann Mcbride,38,mcdanielsusan@example.net,Rhode Island
fc303f7e-5de6-43c1-b0a4-ee0112eaaf81,Randall Spence,32,austinbrianna@example.net,Wisconsin
bd177829-a1ca-43c4-b867-1537ba4a0af3,Troy Macias,46,johnrodriguez@example.net,Alaska
346f7b52-c19a-4a0f-b8b3-b40a71b1c94e,Donna Daugherty,41,davidsonalvin@example.com,Massachusetts
129710e6-a5b6-4692-a4f4-b3b8710c2df9,Dr. Crystal Wilcox,46,pattywalton@example.com,Washington
84989518-12c0-47d3-8b7b-fe19325130b9,Nancy Martinez,64,iharris@example.com,Connecticut
36460e42-e8cb-4058-afb8-cc2965654ef1,Mary Moore,38,maddoxchristopher@example.net,Pennsylvania
b8130c23-8eb4-4f4d-9a63-93a5a648abf3,Lindsay Mejia,34,sean47@example.com,Utah
c5493810-a305-4abf-92b2-ce1a42e9a50a,Lauren Barrett,33,acasey@example.com,Louisiana
60fc169b-f9b0-4aaa-9337-0ad02597e85f,Andrea Long,29,garygarrett@example.org,Connecticut
cd07fc8c-269d-41f2-86ca-e54d0487dd6c,Christopher Johnston,47,roblesadam@example.com,Arkansas
782717b7-ee62-4691-8c89-6c1f77ce61f5,Jacqueline Osborne,24,kellynicole@example.org,Nevada
6256ea40-4afa-4f03-9072-c8ff6ac700d5,Amanda Thompson,46,moorejeffrey@example.com,New Jersey
1b581f64-f880-450b-b863-5662843d07a9,Michelle Kim,18,erik27@example.net,Maine
878947aa-7a57-4ba2-b8f3-802849e865ed,Guy Austin,54,emily58@example.org,Maine
91c30569-0a21-47e2-af1d-47d21dc3b1fb,Heidi Howell,31,johnsonpatrick@example.net,Maine
7c1b7bba-940a-47cd-a95b-19847c1bad81,Terry Blair,50,cflynn@example.net,Utah
9c8b9daa-21e3-46b7-9314-9694e68939fb,Laura Clark,21,kingtonya@example.org,Ohio
65e8fc8c-d516-4f6d-b0a5-b99a36437738,Joshua Smith,19,wrangel@example.net,New Hampshire
f03fd53d-d0d1-46f2-a0f9-953ec2a5bac5,Jillian Murphy,43,strongsharon@example.com,Washington
cac8e63f-344a-4dc5-99fc-5df1162c5eb7,Perry Mays,19,cporter@example.com,Louisiana
d085b7d6-27dd-45de-aa70-27c74d212303,Daniel Carlson,49,isaiahdouglas@example.com,South Carolina
798ccd51-1eb7-4063-85e7-51325fc72724,Javier Hernandez,42,garciajoseph@example.org,Utah
1db07b11-ed33-4371-939e-b707172a86fd,Bryan Hanson,28,johnsoncarl@example.org,Nevada
1ee6e8bf-5ddf-4cd9-8d4c-2e6808fae873,Cindy Espinoza,53,catherinefreeman@example.org,Virginia
ea5aea63-eca8-47c3-a9ca-4cfb0e0a8d37,Danielle Lopez,69,kmcintyre@example.org,Wisconsin
8c528e64-702f-4abf-be07-ab5bf68fc5f6,Michael Velasquez,47,douglaskaiser@example.com,Alabama
c20da236-5473-46ce-8893-afdc14968c0c,Cynthia Rivera,51,jfloyd@example.org,Indiana
cb083c5e-302b-43b8-985f-b2adc79d9f25,Lance Reed,28,oescobar@example.org,Hawaii
0a8eeabc-6215-44ba-a320-4b0a6c0b3d4a,Robert Rodriguez,64,chadwilliamson@example.org,New Hampshire
7ed47a89-f9c0-4531-b128-040940d30289,Dawn Johnson,26,mmckee@example.com,South Dakota
2d1decec-a942-41c6-bf57-96503c75c689,Michael Curtis,35,timothy71@example.com,Illinois
0fb6b0a8-fbdf-44a0-a289-55adbb24662d,Erin Adams,66,sbarron@example.com,Georgia
73747851-04fc-4b1f-95a9-03c3b9ae53fd,Joseph Taylor,19,ubeltran@example.com,West Virginia
dad61b6c-3b08-4b21-9dea-b42a85feba7c,Laurie Herman,46,swillis@example.com,South Dakota
da9a1d8e-e053-4c4b-8ce9-c517527c3af9,Colin Parker,29,scottgaines@example.net,North Carolina
c4202aa2-e5b9-4877-a9a1-821049b990c7,Joshua Dunn,41,qmorris@example.net,Alabama
e77ed6a9-f211-48a4-b2a8-f92b9c8b1bbf,Joseph Stephens,67,fitzpatrickkyle@example.com,New York
0a97171a-911d-4c58-ad8b-73e5db6c9059,Ashley Smith,65,jmay@example.com,Arkansas
3cb3aa62-8963-4993-9af9-6beb4af917ea,Alexander Pierce,31,anthony02@example.com,New Jersey
19d5c938-13bb-4f2d-996d-8937ba15fb48,Kyle Simmons,19,adrian67@example.com,California
0bd276a7-4081-4beb-8003-5e0e00faba38,Dr. Tyler Freeman,62,duncancarlos@example.net,Alabama
9d39def7-dea7-4a3f-9261-3458c65216f6,Frederick Chambers PhD,47,vincentrobert@example.com,Delaware
260038fc-65e5-40e0-9b81-2d4065883757,Deborah Dickerson,63,rsmith@example.org,Wisconsin
d2ff1a19-8c81-4e91-9332-d7f5e2448247,Edward Newman,38,youngscott@example.org,Montana
ee74fe1f-3058-4ef0-be50-fd1c18302d8c,Sydney Williams,40,sethdixon@example.net,Colorado
19402e46-b420-4b2c-be05-57f0ed370e76,Allison Turner,29,jenniferrichardson@example.com,Utah
f5967419-2a38-4287-b58d-8e91152cab70,Autumn Martinez,34,lijamie@example.org,Hawaii
ef968c99-3341-4c49-8585-407dc6ca8a03,Kristina Bray,24,baileyraymond@example.org,New Mexico
99baeade-b00c-4c24-9ff7-e85ccab34d66,Aaron Obrien,46,sandovalkelly@example.net,Massachusetts
45f4d160-27be-4f0f-8548-e902a0c0c0c8,Scott Martin,37,salexander@example.net,Arizona
879005d4-ddf4-444c-bb2a-e21f11e9efff,Olivia Mckay,33,lawrence45@example.net,North Carolina
49cdfc49-73de-403e-97b4-e140b5144eb3,Kristina Romero,40,moranerin@example.org,South Carolina
3662876b-d263-48ab-92d3-74f5eda5fd82,Mrs. Priscilla Armstrong MD,23,charles15@example.net,Maine
81412bde-b04b-4729-9134-710b75edcef3,Anthony Khan,23,christine09@example.org,Washington
4541d1dc-85cc-4da6-a53c-00d92ad156b7,Stacy Washington,24,johnsonoscar@example.org,Mississippi
297f58a4-48f9-42c3-b061-4322db171190,Juan Graham,30,thomas74@example.net,Washington
9c23e5e9-226c-412f-99fb-729121406a72,Tina Nguyen,70,foxsamantha@example.org,Hawaii
69cbfb47-a7ee-4dfd-a075-5e26849f5523,John Shaw,50,kurtnelson@example.com,Alaska
d38cf674-36cc-449c-a0db-3da5f5fb6669,Michael Jackson,55,hayley41@example.net,Colorado
286ffce8-1383-4b47-9ae1-1483902ef050,Spencer Jones,44,jimenezlaura@example.com,Virginia
46183722-ce09-42f2-a2f9-93b1f017bdf1,Crystal Mata,36,williamscharles@example.com,Mississippi
4ad939df-6722-41ec-aad3-0363c2c14eb7,Alex Smith,29,timothymiller@example.net,Delaware
0eb46e2b-ce58-42f7-a92b-5b281a23ff87,Pamela Gray,28,jodydiaz@example.net,Minnesota
d9604700-d3f9-4d4b-9a0f-1fa0672fda9e,Jennifer Thomas,58,thomastracy@example.com,Virginia
64e4c0c6-1dab-445b-a92f-79151bead271,Robert Collins,30,luke22@example.com,Minnesota
bb846ecc-b12c-4bbf-be38-fb3c5f91c2f5,Kimberly Carter,20,melvin24@example.org,Nebraska
b4b123f8-5ba5-4d0a-afac-1e7c4d86f602,Jason Brown,52,morrisjennifer@example.com,Florida
3bb55317-e453-41ed-9020-87550f58db60,James Hester,59,adamskyle@example.com,West Virginia
f245c298-b4c6-4104-b897-c447a3c7c8c1,Joe Foley,50,jeremymitchell@example.net,Wisconsin
c343fc35-d9cc-4352-9ddf-030f8791013d,Wendy Wood,54,shepherdethan@example.org,Kentucky
f3409cc0-4f31-40f9-b0bc-02f1f818bc72,Regina Daniels,19,marykennedy@example.com,Pennsylvania
35be40ad-7986-4e7f-90c0-af5de9541f04,Steven Wagner,43,melissalewis@example.com,Florida
190bf42c-8b43-4185-aaaf-ebe2872ad095,Brian Crosby,53,mchen@example.org,Georgia
2129005a-4a9e-4470-b11e-5f5f4c5f7e03,Vanessa Horne,56,david53@example.com,Wisconsin
353b725b-bd36-4f20-9fd3-cd46fb02173d,Alexis Brown,27,aferguson@example.net,New Mexico
c60f969f-68e6-496d-85c9-90206bf3bcb6,Traci Salazar,21,michaelcollins@example.net,Montana
88c8e3a0-9bab-44de-98ae-85125bf53164,Mr. Todd Ritter,68,trevorjohnson@example.net,Wyoming
0e72a865-428f-44bd-b8ca-13941c55109c,David Sutton,62,hinesmelissa@example.net,Louisiana
de582f22-711d-434b-9cb6-d41b5b9f4f0c,Joshua Byrd,68,vargasmackenzie@example.net,Massachusetts
b3bfcb22-4bd1-42d9-a2f3-4ab637d8e436,Kenneth Nguyen,35,perryjessica@example.net,Florida
a75c84a8-3e34-4cfc-8e49-c62380635f88,Kellie Thomas,69,john90@example.org,New York
7e37ef64-2411-4a72-a79c-51e6db622880,Nicholas Flores,40,kthompson@example.com,New York
fc7f819d-9f84-48ce-a38a-62ba8f5cdaa9,Dr. Becky Wheeler,19,zclark@example.com,North Carolina
61d4e060-a1b6-4060-9399-d197731699bd,Alyssa Kelley,61,meverett@example.com,Oklahoma
e9727550-3394-4ad2-acf4-720d73fff045,Kenneth Wilson,44,johnjohnson@example.net,Delaware
5911d104-7cf0-4072-b399-f9f66ab7c711,Cynthia Cruz,33,ygreene@example.org,Nevada
02702458-94c7-479e-a604-346fae89d7bb,Angela Noble,35,jennifermartin@example.org,Connecticut
a0258d1f-c2de-46c6-b2d7-e4929bd53635,Adam Walton,25,rebecca89@example.org,Alaska
c6f410d1-868d-4da3-af86-4880340bc5d7,Rachel Vance,24,jmartin@example.net,New York
f10104d5-1f8c-4f80-bed3-3c1590ac59c5,Terry Cain,48,aaron69@example.com,Washington
f996362a-af8f-4591-81f3-cf5333c2b4d6,Michele Ross,20,daniel03@example.net,West Virginia
c1c1a0fb-af9b-4eee-a154-2a26b0848172,Lisa Graham,59,cindy70@example.net,Colorado
c40c891d-9256-4c20-99fc-4cdbd539e029,Rachel Deleon,47,toddhale@example.org,Illinois
efe4662e-9bd9-4afe-9240-d975a03ebec9,Stacey Adams,31,garciarobert@example.com,Indiana
a5e7cde2-1096-484c-a50a-14c0dc0bd677,Don Parsons,26,woodslouis@example.net,Vermont
c114b397-fc80-4d4f-9b34-ca69f4122835,Jasmine Anthony,68,joshua95@example.com,Minnesota
7e9f2119-be80-4f3f-bf0e-5c7bf5c755c5,Maureen Liu,56,emily69@example.org,Nevada
ad085807-9c12-4027-a96c-1d62ae3f17c0,Gabriel Riggs,58,baileyjessica@example.net,Georgia
db77dca1-e1b9-40b4-a123-3024433a16fe,Misty Watkins,48,imoody@example.net,New Hampshire
71f7ec3b-9fdb-4906-8a1e-a544b5d63389,Susan Parker,43,rebecca53@example.org,Pennsylvania
46e33ceb-ca32-46e9-a167-7d531ba88326,Christian Long,32,emilyle@example.com,Maine
0150ae3d-afb2-421f-b759-2461fef1f0f2,Heather Kirk,35,christinestrickland@example.org,Nevada
bb8dd206-20d5-46d3-b7de-93fd6a50ef80,Karen Melton,38,dking@example.org,Idaho
dce12103-57e6-4fd9-823b-7cda5f28b053,Christina Harrison,65,deborahcollins@example.net,Nevada
face399c-b067-41b0-a46f-7c16b06043a1,Breanna Anderson,53,benjaminvaughn@example.org,Delaware
d9ceb74f-5441-4221-abb9-aa0b2d432ca7,Eric Walker,58,simonmichael@example.org,Iowa
fae9fe10-792a-4e6d-b175-611d64c7a1d5,Karen Silva,37,larry60@example.net,Oklahoma
21ecef79-0a00-4da7-bee5-f50d841cd6a8,James Graves,59,nelsonalyssa@example.com,Missouri
a0696a9d-7d6f-4d44-a050-8f2104005bf0,Robert Collins,53,fwood@example.net,Colorado
810c981c-2ba6-4bf9-8fe3-f8b357d9d29d,Eric Murillo,58,rsmith@example.com,Hawaii
e5d2962f-bc30-476c-8855-7858f2bca598,Kathy Rodriguez,58,christopher43@example.net,Wyoming
34f6d14a-dbf0-45e1-bcc2-c413f6eefa82,Jon Paul,64,jenniferbruce@example.net,North Carolina
ad4d9104-0608-4247-95ed-8a619eea21b1,Carol Davis,59,jaypatterson@example.org,Georgia
13667c14-2b5f-48f3-a7e4-e83b3f134b7f,Crystal Hester,58,vosborn@example.com,Pennsylvania
7a5757d8-8fa4-449c-9150-df7b69e71a63,Gary Bird,64,tingram@example.org,Wisconsin
d99cb5a3-43be-44d0-8922-cc29054886e4,James Olson,69,hbuchanan@example.org,Montana
83b4c703-c6f5-4805-bd7b-0ed6139a2276,Rebecca York,34,iboyd@example.org,Tennessee
7e33b35e-abe8-4dd3-a711-376fe103d593,Kelly Johnson,35,janet25@example.com,Montana
e713bf14-2883-4b0d-a248-4b35a89dd22f,Mr. John Burke,34,rebeccaking@example.net,Pennsylvania
f1292e32-021f-490b-a5fa-0d9b06d95543,Christy Huerta,34,butlerchristine@example.org,Wyoming
9d919a5f-c33b-4008-9d84-0512c12f99c1,Tiffany Roberson,29,ronald95@example.org,Connecticut
ab092121-e3b0-4d0c-810e-9815085062db,Chelsea Figueroa,40,uhall@example.net,New Hampshire
382e2b75-c04d-4fa4-8dde-81f321766cd3,Elaine Bowman,49,fherrera@example.net,New Mexico
fdadf35f-8ff3-434e-b11a-338264f9d52c,Thomas Fowler,70,bartlettrobert@example.net,Indiana
62e3d8b8-5d9f-424e-a596-558dd8453ada,Alyssa Bell,65,perezjeremy@example.net,Pennsylvania
49353598-f3c1-4df4-b5ef-72bbc4a45401,Jeremy Zimmerman,63,susanperez@example.net,Alabama
2bfc2cac-2f23-4fb7-8c84-e7b65ef57a03,Barbara Martin,20,ianball@example.com,New York
c8c7bb65-0d25-43a3-9233-9c95b0ca576b,William Schwartz,21,edwardssherri@example.com,Ohio
450accd5-1a97-4e62-86eb-8f7f69e79b89,Courtney Gould,65,paige65@example.net,Wisconsin
ac843dcb-0a92-4847-b9e8-ba07661f0405,Meredith Jefferson,62,charles52@example.org,Florida
3912ac89-a9f1-40c7-bd0a-bfe8e67420ae,Robert Coleman,56,hhenderson@example.com,Iowa
a127f9a2-77b4-48be-8a20-7d394a149036,Manuel Sharp,42,weissdavid@example.org,Connecticut
749bb4f2-ce8f-46f2-b564-39de12b7d9ad,Christopher Lopez,62,crosskendra@example.com,Louisiana
ee5c63d0-de13-4ee9-8915-f662d0c1f0bb,Nicholas Garcia,22,shirleysmith@example.net,Massachusetts
498eb126-991f-4b24-b643-8bc1de2d5bde,Yvonne Scott,24,nicholas29@example.com,Vermont
d98748ff-e574-4c2b-aa57-2bf636e54687,Derek Jackson,53,aprilmartin@example.com,Arkansas
3eabcbbb-877d-4db6-9193-af5da517ea3d,William King,48,scottmiles@example.com,Mississippi
d19becde-4f00-47d6-bc5d-f53a25e22430,Alex Alvarez,34,gellis@example.org,Maryland
19e0a7ca-1ee6-4db8-872f-95ede9cba065,Nancy Chapman,43,jorgeobrien@example.com,Kansas
fc839469-b876-4eca-9a45-71ec68c7ba3d,Kevin Ward,27,jessica02@example.com,Idaho
e302937e-8ac9-4b73-835e-e52804881d73,Aaron Guerrero,51,idonovan@example.com,North Dakota
a42b88fb-d21a-47b0-9b33-9ec0031ef69e,Laura Peterson,43,martinezanthony@example.org,Michigan
1dbd53af-bb72-448b-896e-125963db772c,Albert Mcdonald,40,dixondouglas@example.com,Maryland
