-1.379932022494670917e-02,-1.021571077547006341e-03,5.590587401232483683e-02,-8.668630314052423042e-03
-1.310401758417489675e-02,1.406793189572571332e-03,5.445742011409740457e-02,-8.344840624226673026e-03
-1.364355280195935806e-02,3.110616202013560035e-03,5.485567922364127658e-02,-8.778915910960968100e-03
-1.494680985859117052e-02,7.139459688616340942e-03,5.626057476536392571e-02,-1.070399569936000828e-02
-1.529652240389742408e-02,9.323750446575287606e-03,5.366144598216884137e-02,-8.291928869238091721e-03
-1.630084305710782430e-02,1.085595356619675073e-02,5.285533552193347195e-02,-8.885466451023291481e-03
-1.569509873966767888e-02,1.293913427845364873e-02,5.338737056571666445e-02,-4.271717616473069169e-03
-1.637136806687905510e-02,1.009213059222345381e-02,5.265231258362128991e-02,-8.899358613968325407e-03
-1.568205898156551162e-02,3.669921674667168954e-03,5.272497519531129523e-02,-6.011422848930661651e-03
-1.492280030640679052e-02,-4.802477970561708567e-03,4.990788219871486464e-02,-8.542114031010034775e-03
-1.506292515002688286e-02,-1.057609662890195146e-02,4.710819825898181906e-02,-7.975005990245077198e-03
-1.499432726906235747e-02,-1.486796393453847752e-02,4.830056365163114263e-02,-6.910844788163871162e-03
-1.492709725716747510e-02,-1.578316921898063885e-02,4.949637627456591332e-02,-6.909393955958457144e-03
-1.414840289827899722e-02,-1.538653043214030861e-02,4.911830183784909876e-02,-6.032105210115695955e-03
-1.400317135185098240e-02,-1.355508808593712013e-02,4.961208310525520165e-02,-7.231681316203092576e-03
-1.354602647891403437e-02,-1.252019166369723081e-02,4.664208526995577281e-02,-9.805187690653544702e-03
-1.294829135616566013e-02,-1.223417470733047067e-02,4.743172599716699578e-02,-8.873702323611089987e-03
-1.293847638688005487e-02,-1.081126179592342522e-02,4.768111798216650293e-02,-9.042734850885374501e-03
-1.278322108884369888e-02,-9.618415692515829354e-03,4.838026079473060209e-02,-9.647080576568113283e-03
-1.228839791978241815e-02,-7.352895104067855812e-03,4.755969990862299324e-02,-9.949502124553876586e-03
-1.219729048748420357e-02,-6.532518596296035297e-03,4.760551002149904232e-02,-1.019383157695662179e-02
-1.198269380512027339e-02,-5.574194933645367812e-03,4.826894303789520946e-02,-1.062007965464476650e-02
-1.133260090625986573e-02,-4.937076229708688146e-03,4.911728921562043965e-02,-9.197984058395065887e-03
-1.127790014952434472e-02,-5.373433137090709820e-03,4.950902934349270257e-02,-1.022023157458210735e-02
-1.133865195962698025e-02,-5.183822371178449344e-03,5.163196022016365572e-02,-1.023509732124991932e-02
-1.117915612302212633e-02,-4.884516355104837233e-03,5.038597064493379601e-02,-9.832425561253342952e-03
-1.032938364247907789e-02,-4.580210750717048779e-03,4.948463040579927086e-02,-9.920821762224835139e-03
-1.074156440278611901e-02,-5.142973352084296082e-03,4.849222304962168273e-02,-1.225742112877132098e-02
-1.066566825383022214e-02,-5.088303915394792702e-03,4.927708163955213383e-02,-1.128662284025465021e-02
-1.059318145931506527e-02,-4.116989595809468321e-03,5.039574173495081633e-02,-1.121863644817489708e-02
-1.031824932349404561e-02,-3.610290579162917651e-03,4.886355520287842535e-02,-1.141987281338143964e-02
-1.048922237049314948e-02,-4.401662880457579002e-03,4.929473918326595511e-02,-1.152898696746180833e-02
-1.042794159174047393e-02,-3.351350907685699508e-03,5.048898369991992180e-02,-1.014059279958562029e-02
-1.050384588477980448e-02,-4.062640117148577472e-03,5.040246242029888107e-02,-1.067608827161373869e-02
-1.059510213963832902e-02,-3.719252886451652248e-03,4.978234961561346650e-02,-1.094325956602023101e-02
-1.019911387167700759e-02,-2.808130254667256728e-03,4.938353362177203693e-02,-1.099053844910585775e-02
-1.046501371825856071e-02,-3.230460318111632624e-03,5.062573789650348655e-02,-9.516042745801674488e-03
-1.049543296169989579e-02,-3.264224985990572640e-03,5.038410852620386210e-02,-1.063267543476538110e-02
-1.067019758147278938e-02,-2.990022231157004294e-03,5.093949335138883011e-02,-9.680413253942535962e-03
-1.077595564390708589e-02,-3.130788443870553394e-03,5.056014106214674897e-02,-9.828027352159065394e-03
-1.128326683540842659e-02,-2.101114805804744825e-03,5.196214152123466989e-02,-1.019702483634236413e-02
-1.157347893039702320e-02,-1.376661224730813980e-03,5.252993289328872911e-02,-1.072364858082824890e-02
-1.151459532058888777e-02,-1.500537367663974490e-03,5.125768735132785886e-02,-1.015740225213158238e-02
-1.157075495729460030e-02,-1.375156245286249636e-03,5.112992726078376821e-02,-1.081535377529248970e-02
-1.142495204336174165e-02,-1.119975815340767608e-03,5.146962001326759600e-02,-1.035675579789208621e-02
-1.130577752349767179e-02,-6.505258439551372170e-04,5.030658164451588116e-02,-1.090292730428175927e-02
-1.102546589867115477e-02,4.849856001139944196e-04,5.062638072951663321e-02,-1.034646018095103370e-02
-1.083816120997601988e-02,1.073820867174083262e-03,5.025092515510804630e-02,-9.972006116831999209e-03
-1.065939337862866799e-02,1.036341245418255248e-03,5.080800120313103130e-02,-1.048336306994468101e-02
-1.077253616870026132e-02,1.424056739657568417e-03,5.106642586024463110e-02,-1.094969092733614514e-02
-1.074419149680072745e-02,6.807348135685059717e-04,5.052022039789254293e-02,-1.077645121010044338e-02
-1.088889985233303624e-02,1.108121250959723811e-03,5.057300749153391395e-02,-1.153041296587456292e-02
-1.088213764735060894e-02,1.453127474496250255e-03,5.151846097436743599e-02,-1.083165674781165835e-02
-1.110819292118581103e-02,1.578614340281466301e-03,5.194000879899544204e-02,-1.170490465605306639e-02
-1.119601696699576258e-02,1.311589745384861630e-03,5.237710088153816473e-02,-1.207613877440859296e-02
-1.144338599681229973e-02,1.783677943587786037e-03,5.255942187481705413e-02,-1.257882802404257198e-02
-1.173648561816447410e-02,2.318229677722407917e-03,5.120166223599568328e-02,-1.193574869310095980e-02
-1.194322159925387782e-02,3.060420417136160143e-03,5.100767927238158972e-02,-1.217390404196666207e-02
-1.209224046889608405e-02,3.487454032076311300e-03,5.015224719787783614e-02,-1.153065803413205054e-02
-1.230287690754808434e-02,3.129066580377544860e-03,5.083904005401171378e-02,-1.118759384755898222e-02
-1.231211148066566584e-02,2.418732733158127351e-03,5.047765979859498292e-02,-1.095127449672069972e-02
-1.281913650701547655e-02,1.471689771126689396e-03,5.041889081611655721e-02,-1.235045606708438590e-02
-1.273559961935729831e-02,2.923637738308897940e-04,4.955198927539981868e-02,-1.119335372718377464e-02
-1.277163945189696385e-02,-1.141057071793718575e-04,4.937767545447403761e-02,-1.211007314754241997e-02
-1.264715456383136601e-02,-1.396331775852483609e-03,4.935912642604594475e-02,-1.133747031883410028e-02
-1.273661006360478180e-02,-3.064636712370929963e-03,4.900820886300459589e-02,-1.120085323359859032e-02
-1.291370567436971560e-02,-3.865717869119571302e-03,4.908769316101350283e-02,-1.241602132837042911e-02
-1.269406042875225946e-02,-4.681940319460882113e-03,4.825226320703232541e-02,-1.175886949320016465e-02
-1.264849329108171279e-02,-5.118960569659867545e-03,4.828217656944323172e-02,-1.192818033371945835e-02
-1.279246723053355760e-02,-4.966721712768296972e-03,4.820043800063220779e-02,-1.196871825700249886e-02
-1.228946977909425690e-02,-4.565171975529971719e-03,4.822220725145929393e-02,-1.219904360488759630e-02
-1.210347503985008746e-02,-4.448924010523947099e-03,4.769293542258551399e-02,-1.227655283950431463e-02
-1.200571535745382362e-02,-3.950116005823359200e-03,4.804443937120751046e-02,-1.225475953456112502e-02
-1.160491428055217961e-02,-3.386104017819675446e-03,4.787176009157362994e-02,-1.254730795501963689e-02
-1.102975457890822270e-02,-4.054890261782113578e-03,4.730166926408091443e-02,-1.047813387598735789e-02
-1.088852788774245448e-02,-2.930641590771942539e-03,4.740612406445875171e-02,-1.109437930804930451e-02
-1.123685462480803268e-02,-2.901801272128300222e-03,4.805416064944893761e-02,-1.230437325734068041e-02
-1.143643492564253537e-02,-2.740700113637679555e-03,4.819772034926590731e-02,-1.337904499130676723e-02
-1.144036048567738210e-02,-2.695082892878618384e-03,4.831055483144539725e-02,-1.375042877695606403e-02
-1.118421581188017676e-02,-2.142651544924573537e-03,4.861245666227079903e-02,-1.384814776497927426e-02
-1.114036288729769626e-02,-1.891692576244452268e-03,4.864431953563878863e-02,-1.375532597503740379e-02
-1.093306545315451961e-02,-1.278460233414099607e-03,4.889505524479367815e-02,-1.392491063613198778e-02
-1.116164240949129270e-02,-1.200759351733965332e-03,4.838363056874804558e-02,-1.421923134011969687e-02
-1.138789735790683190e-02,-6.797324788460340625e-04,4.885259318848794718e-02,-1.398809783810148893e-02
-1.164468861608910881e-02,-6.224988441220272433e-04,4.899162412071438738e-02,-1.359923696256123277e-02
-1.205311697027783811e-02,-3.486966845074311074e-04,4.862058920287342517e-02,-1.410209956046076796e-02
-1.230753698750321722e-02,-6.456005643188827189e-04,4.872433719744776598e-02,-1.357007129756101875e-02
-1.271186102647257204e-02,-6.571015789550887273e-04,4.850058759349423071e-02,-1.424837520325157592e-02
-1.269664352934121200e-02,-1.339607067925130185e-03,4.865893059315877511e-02,-1.442784044962567777e-02
-1.281326821458925180e-02,-2.641825227703474121e-03,4.862410619120544064e-02,-1.423296697848563420e-02
-1.252147951524590352e-02,-3.131128247845989341e-03,4.880217270935142265e-02,-1.415525840295299605e-02
-1.235404456380112710e-02,-3.568831325334321722e-03,4.851481287976747159e-02,-1.450652065393954505e-02
-1.199762889212706123e-02,-2.971769729957589572e-03,4.803099360323828670e-02,-1.421187869689849274e-02
-1.182289282570885350e-02,-3.244903127476942133e-03,4.886225027623979783e-02,-1.437341068307243855e-02
-1.153229940826653969e-02,-3.191696062102275522e-03,4.835270178827020399e-02,-1.464156048750433169e-02
-1.150837177210316427e-02,-3.405810853671763488e-03,4.827130976292122455e-02,-1.446792315671740353e-02
-1.139225158248113011e-02,-3.263724665421191204e-03,4.758338008705115252e-02,-1.509150744334902122e-02
-1.153712296125890616e-02,-3.875796233488467205e-03,4.861137993969576188e-02,-1.584529475249913874e-02
-1.155495593159109463e-02,-4.050263614022127541e-03,4.849266785525619544e-02,-1.613163245668040521e-02
-1.171812582350079818e-02,-5.249840114389341290e-03,4.871659116029311565e-02,-1.615284399048179734e-02
-1.147960017120826758e-02,-5.523639253807575110e-03,4.833346394309537969e-02,-1.620518951572201896e-02
-1.121777341078284036e-02,-4.957738932595262896e-03,4.922728787285716306e-02,-1.608988034383918020e-02
-1.067394629055172517e-02,-5.287947344061605902e-03,4.811217204338874565e-02,-1.595353595370577193e-02
-1.018211070895217764e-02,-4.789531054802509402e-03,4.860264736048676426e-02,-1.573461017364980938e-02
-9.907241892158313162e-03,-5.271388979436901490e-03,4.803526373177710584e-02,-1.587978853410170962e-02
-9.500544111197313166e-03,-6.312328237951090118e-03,4.838397698490265464e-02,-1.532493021680599379e-02
-9.046702849967797749e-03,-7.934878121486728039e-03,4.766780861548073484e-02,-1.521613436787641951e-02
-9.323664669702186672e-03,-9.128152282894097524e-03,4.831441120897332631e-02,-1.627287252306816243e-02
-8.609607699044291226e-03,-1.034451706439117394e-02,4.844161137898012753e-02,-1.689993186656173901e-02
-7.406907191877381939e-03,-1.098857207366070454e-02,4.878776949273830321e-02,-1.638131587513595375e-02
-5.596242274435864195e-03,-1.111761139311696553e-02,4.984155513870432153e-02,-1.663373418413210958e-02
-2.873215488122381200e-03,-1.019831960804427548e-02,4.977085646967648741e-02,-1.663818702690618781e-02
2.454223292098113443e-04,-1.091980249585371154e-02,5.237210547037250696e-02,-1.630825693728393463e-02
4.520220570124441721e-03,-1.174342674118947390e-02,5.308110140418884071e-02,-1.638173700400618812e-02
9.980520617192045404e-03,-1.320391355231491197e-02,5.704266241131806386e-02,-1.610093433601609419e-02
1.622315818509328239e-02,-1.460385301282243233e-02,5.820499899779027486e-02,-1.469587018917641909e-02
2.452178244359313683e-02,-1.826829682776861391e-02,6.226007816117613836e-02,-1.280981465320286776e-02
3.529105057742896318e-02,-2.073659947621986702e-02,6.708585149725895813e-02,-1.149615578422260101e-02
4.709458205028376615e-02,-2.453748588184075791e-02,7.280137210835273265e-02,-1.035190696172310319e-02
5.885995419880492990e-02,-2.755929029861085497e-02,7.675204753905162658e-02,-9.968979471029469977e-03
6.776480745499346980e-02,-3.147168356772119674e-02,8.047947905378054212e-02,-9.140228329102008040e-03
7.222700055492743687e-02,-3.368416332628573762e-02,8.134307671838629517e-02,-9.416044696520985136e-03
7.156157031356348563e-02,-3.276079161829553721e-02,7.962696232837035426e-02,-1.151396106765947315e-02
6.686190604176305008e-02,-2.817792887824274728e-02,7.887339225277642529e-02,-1.238993823088163637e-02
5.916912656288839806e-02,-2.248168897511597028e-02,7.592033048595939193e-02,-1.361008420898020439e-02
4.863241057965262543e-02,-1.331812194707272974e-02,7.178237386080124627e-02,-1.558456520882766858e-02
3.538407633853134920e-02,-9.237405872073830432e-03,6.712180236549422641e-02,-1.699564369535419561e-02
2.165482995190773363e-02,-1.038727319689239370e-02,5.974921831203658384e-02,-1.735728747665596025e-02
8.257646346075607838e-03,-1.536848275413034946e-02,5.476554601643506687e-02,-1.965926962781329446e-02
-3.645048122439037766e-03,-2.365983021603412784e-02,4.887884369531648315e-02,-2.008101699270946686e-02
-1.316053498498954456e-02,-2.949641986308693467e-02,4.418115341021781189e-02,-2.118905257058134942e-02
-2.124831771537984831e-02,-3.004456189010170850e-02,4.213643426196219538e-02,-2.439054362026134293e-02
-2.653493944702106297e-02,-2.989550229008744106e-02,4.059212761906540179e-02,-2.163101929497469877e-02
-3.248310513131916211e-02,-2.496074977826496719e-02,4.084749579128858776e-02,-2.339279677486027359e-02
-3.645771032349989782e-02,-1.725745803097026437e-02,4.075934409565570155e-02,-2.369941856617111334e-02
-4.072126575285727607e-02,-7.504592158153432224e-03,4.157159289930423274e-02,-2.438535903759538395e-02
-4.558698379308301352e-02,1.676653218799157782e-03,4.295821184514508201e-02,-2.604095519105463843e-02
-4.732948102257467093e-02,9.681357134827667937e-03,4.371702146137558531e-02,-2.428694850379934517e-02
-4.840758382685488026e-02,1.910831415418683121e-02,4.618748210101650958e-02,-2.600711586978040821e-02
-4.983312475167015615e-02,2.235899985674724005e-02,4.877980391393425819e-02,-2.580637084700287964e-02
-5.165488758244286827e-02,2.720628826907611764e-02,4.979163506896523705e-02,-2.753680462999877343e-02
-5.579001430820555024e-02,3.046318066822690379e-02,5.153652398672949747e-02,-3.087275085233811070e-02
-6.222212420715587944e-02,3.826415712925211599e-02,4.872799328268914015e-02,-3.288055234105832086e-02
-7.009923626164177302e-02,5.252189733988276571e-02,4.539275527682019862e-02,-3.303809076194292454e-02
-7.872228355327073879e-02,7.386896981646090543e-02,4.366279343743064562e-02,-2.934960699318394164e-02
-8.364079861905024393e-02,9.326314292561808938e-02,4.281901107999913636e-02,-1.819004621199862143e-02
-8.862847215386861210e-02,1.091435985943753351e-01,3.614468023670108776e-02,-2.025803044611088760e-02
-8.916228254262134612e-02,9.771832183876516531e-02,2.985957024795065154e-02,-1.370565520674368529e-02
-8.822319315193109801e-02,5.226771981815980100e-02,2.588789489609892233e-02,-8.339401282785036465e-03
-8.599494675239884034e-02,-1.052711933268991179e-02,1.001192231143382613e-02,-9.108785482910540868e-03
-8.652010844060604999e-02,-7.081259453000690596e-02,-2.296959574441737126e-03,-1.057470764923550653e-02
-8.601813426427019904e-02,-1.145883785934655036e-01,-9.293269234842175056e-03,-1.188025361235593366e-02
-8.523455047527121742e-02,-1.387698348256256875e-01,-1.610125380532406031e-02,-1.217953663262404986e-02
-8.406630845323670442e-02,-1.483602324116126414e-01,-1.692017730693778921e-02,-7.464320565894052087e-03
-8.313912055982691784e-02,-1.469785639861088400e-01,-1.757266188252090341e-02,-5.459702459632803477e-03
-8.211388873178411540e-02,-1.428446064794423598e-01,-1.762443757404811781e-02,-7.039454757945667711e-03
-8.173869617299893420e-02,-1.348649540166963201e-01,-1.474271222621777698e-02,-6.331835090291610194e-03
-7.968748404903865101e-02,-1.266145740190204594e-01,-1.514877216983398847e-02,-5.332892896970553055e-03
-7.751497508892901678e-02,-1.141423948057805060e-01,-1.019469364814414546e-02,-8.295600065766137524e-03
-7.457391146563589757e-02,-9.854090477346894028e-02,-7.638528497117932220e-03,-1.120958144866367710e-02
-7.103264677313154973e-02,-8.297511953453461098e-02,-4.633633040293561739e-03,-1.832494873575745906e-02
-6.767428473936341893e-02,-6.831175594465450918e-02,9.316297539409197940e-04,-2.223892134902735740e-02
-6.397172585472359063e-02,-5.632025961184106838e-02,2.042117175115518417e-03,-2.616810003299084933e-02
-6.037551483680760750e-02,-4.508821707792433353e-02,6.353631274803981863e-03,-2.864853218270621907e-02
-5.592748190414594672e-02,-3.741975716947366914e-02,8.532908061699671920e-03,-3.036544949097501681e-02
-5.076433731900730634e-02,-3.129890191315808090e-02,1.221031849689269318e-02,-3.087045890577540252e-02
-4.607964562412871640e-02,-2.975821640600015763e-02,1.666645312359047587e-02,-2.860314154921136942e-02
-4.285482519213544561e-02,-2.857579249255887133e-02,2.003763768326967051e-02,-2.743596817087928449e-02
-3.986141158114612365e-02,-2.607939586997781375e-02,2.292803443873656782e-02,-2.631859942993271945e-02
-3.809558279196326863e-02,-2.257082472487494801e-02,2.512429978948962569e-02,-2.514268773227214260e-02
-3.639230466475718018e-02,-2.030537886247619356e-02,2.452239661416147007e-02,-2.484624880951399883e-02
-3.527663838249360528e-02,-1.627189008365082998e-02,2.738173646830885377e-02,-2.448673503273288143e-02
-3.349585525247929241e-02,-1.401932677711128020e-02,2.750623079722077161e-02,-2.401632288004996660e-02
-3.169687070287665470e-02,-1.161094350789181745e-02,2.929321781926527701e-02,-2.410807307153369633e-02
-3.031969805299848664e-02,-8.791675736534115479e-03,3.094472033083450063e-02,-2.407589925517018836e-02
-2.863971571121022575e-02,-7.979206589332474286e-03,3.246478254032458127e-02,-2.341280163644966078e-02
-2.726990350074630712e-02,-7.071942349123890720e-03,3.342766332761829690e-02,-2.342421002000441566e-02
-2.639127187002583003e-02,-6.722837007345009754e-03,3.496044939501264520e-02,-2.451753042910842159e-02
-2.563182913965281889e-02,-6.210298888919044656e-03,3.455204532594231132e-02,-2.502214669410014053e-02
-2.507613444991064686e-02,-5.215262456699285183e-03,3.520489420703469541e-02,-2.501696934327788877e-02
-2.437868365697876474e-02,-3.904662350173077751e-03,3.597297659409691428e-02,-2.445812922941260209e-02
-2.388249695743867307e-02,-3.229171467375740404e-03,3.660143444250703315e-02,-2.484042917445121110e-02
-2.338819129884326872e-02,-3.839981931627124961e-03,3.752546447094490950e-02,-2.437713362666597133e-02
-2.290827297285622302e-02,-4.919756652341094293e-03,3.829041135441264843e-02,-2.498462183046070220e-02
-2.250023123440176090e-02,-5.603461196345648626e-03,3.860535962065331228e-02,-2.497078356535600840e-02
-2.173336305881655439e-02,-6.404553327951000886e-03,3.843110656326772373e-02,-2.431959690768580040e-02
-2.144270858615311345e-02,-7.403508666741408228e-03,3.850696197679510241e-02,-2.439244067876576369e-02
-2.055835324002333250e-02,-7.297267027631767176e-03,3.826140437296184776e-02,-2.416174787426194834e-02
-2.012098041442242358e-02,-7.872521511838773134e-03,3.844421172302445872e-02,-2.380017351489753519e-02
-1.942668885367109313e-02,-6.928280677603058935e-03,3.742445766129783025e-02,-2.396079995127892506e-02
-1.938094809630762014e-02,-7.843348275094610272e-03,3.884465676795025024e-02,-2.386740274723014518e-02
-1.910857172396542708e-02,-7.970074207078394965e-03,3.912208970494347737e-02,-2.333080559911143020e-02
-1.862631204016949524e-02,-8.159496836317392532e-03,4.018656632002146067e-02,-2.246428374938101713e-02
-1.841363765886597226e-02,-8.394429970256241796e-03,3.984434884007027888e-02,-2.225845977622799635e-02
-1.811927065144972732e-02,-8.419462426401343874e-03,4.024069244501155690e-02,-2.251510235541229199e-02
-1.731755212189951473e-02,-7.442624441888101745e-03,3.966654029310918289e-02,-2.349050413393173609e-02
-1.695655844373218299e-02,-6.800855751043974155e-03,4.028043414636140601e-02,-2.374022093376329523e-02
-1.620067186901389192e-02,-6.417608286900754015e-03,4.052924486351832528e-02,-2.369620461143175441e-02
-1.567762471069303679e-02,-5.949923852600487797e-03,4.115930917902542452e-02,-2.305236193848321513e-02
-1.539309093619166055e-02,-5.025096285413833790e-03,4.167874133814584992e-02,-2.306966566756711579e-02
-1.521757340792026340e-02,-4.963061406696353192e-03,4.176204162669549386e-02,-2.294002949628685950e-02
-1.521990093996684890e-02,-4.306746367380271355e-03,4.139765860595961272e-02,-2.318469361662181538e-02
-1.486311985044550844e-02,-4.534728948378129523e-03,4.170200616563590756e-02,-2.347632316309788969e-02
-1.465557858466510002e-02,-3.068512315495103369e-03,4.196724963591839247e-02,-2.332439399373488487e-02
-1.433055534461391035e-02,-2.861256966899002659e-03,4.100272611456772659e-02,-2.310344955122024813e-02
-1.407082416142639916e-02,-2.471911863806772452e-03,4.168741214066486178e-02,-2.334341504630566347e-02
-1.382344581741550699e-02,-2.627000604252264972e-03,4.161206401844609604e-02,-2.261534180449266754e-02
-1.364480578726619958e-02,-2.314976329401836810e-03,4.299952745165677714e-02,-2.302302221776016122e-02
-1.362019132054761994e-02,-2.101592440826947645e-03,4.273280440693751070e-02,-2.430764860126809201e-02
-1.330971159796531106e-02,-2.198479524591637202e-03,4.389835567019669677e-02,-2.392636506068284222e-02
-1.296629807389967394e-02,-2.500885420175575757e-03,4.318595127823374180e-02,-2.394552834865181293e-02
-1.272991966837474544e-02,-3.068236863432825031e-03,4.284055855431292276e-02,-2.457482126832930686e-02
-1.253122234483316881e-02,-4.324361232005747603e-03,4.214232828415921672e-02,-2.337016397368098589e-02
-1.280844700142335160e-02,-5.568837803227917431e-03,4.323954570431945421e-02,-2.312580827630007774e-02
-1.312625614688153926e-02,-6.233761528051383859e-03,4.302676078156378314e-02,-2.412819897426165747e-02
-1.356595852366162570e-02,-7.381937243033889762e-03,4.331508561746071073e-02,-2.456302002237535989e-02
-1.346825656286313420e-02,-7.817437755740404282e-03,4.277345169337629788e-02,-2.502011897027851123e-02
-1.314053552302972723e-02,-8.270325376240570195e-03,4.317144404850196265e-02,-2.512309077478279418e-02
-1.221534827068394141e-02,-7.717219552972938261e-03,4.320517502844959529e-02,-2.421044074460267093e-02
-1.152403894751994826e-02,-6.490957867575644462e-03,4.416771548019357563e-02,-2.452501682402737082e-02
-1.080269043751953990e-02,-4.202264640198264019e-03,4.531749753585323504e-02,-2.423308901426121306e-02
-1.025959954754415183e-02,-2.581293441439162697e-03,4.516646417422420789e-02,-2.473277596016690630e-02
-1.020620890383919753e-02,1.941964230921133956e-04,4.656052705845100531e-02,-2.426521605002580212e-02
-1.053799072418163708e-02,4.766713957287363641e-03,4.694996964649735677e-02,-2.604029486242270472e-02
-1.099080388647104799e-02,9.952672698900934603e-03,4.915402892973418786e-02,-2.490241258525746973e-02
-1.233365132723730079e-02,1.892088645815958106e-02,5.012985090348072437e-02,-2.351117236111695263e-02
-1.459334112075492962e-02,3.031581697875587386e-02,5.294338289142021953e-02,-2.533913464265427976e-02
-1.691181149205523218e-02,4.405986593620030839e-02,5.427977140208087303e-02,-2.700112777395958716e-02
-1.967937916501625445e-02,5.757265868336571696e-02,5.738652327685458271e-02,-2.746739212730800808e-02
-2.145114108864060523e-02,7.147076366636156974e-02,5.875903825030036332e-02,-2.763795598148928098e-02
-2.392112935221582179e-02,8.228913684418051600e-02,6.248124431832738357e-02,-2.949211118416673535e-02
-2.600907748255736063e-02,9.046777987202123117e-02,6.327091457695001309e-02,-3.084668829621004665e-02
-2.887177501924740458e-02,9.546954498978628412e-02,6.085136421955814057e-02,-3.046204104605303858e-02
-3.298324820868771268e-02,9.728594085149606940e-02,6.110917190849928654e-02,-3.221356671973658187e-02
-3.710471932391214839e-02,9.981505613354389739e-02,6.255388598605385320e-02,-3.268186144948920929e-02
-4.091149913853905223e-02,1.040401678771756266e-01,6.169335775729362786e-02,-3.179033089590427297e-02
-4.423839889713226947e-02,1.098692024209935586e-01,6.188080321279460644e-02,-3.138710647300421014e-02
-4.596935439451664551e-02,1.123165473831976569e-01,6.344272483084072156e-02,-2.874830748617398374e-02
-4.705668619843850209e-02,1.094723258396077814e-01,6.214105613613390283e-02,-2.687443148950529812e-02
-4.851721431022725656e-02,1.066380797557485993e-01,6.337980355802530497e-02,-2.933239542346616213e-02
-4.808514752776905238e-02,9.805682258676309826e-02,5.958402294024259943e-02,-2.516826012167925480e-02
-5.224048822447258100e-02,9.244629817453318965e-02,5.700700045260047311e-02,-2.780028237170604349e-02
-5.552008797584236099e-02,8.707108438103283721e-02,5.222957079881839632e-02,-3.103064524197578916e-02
-5.953471056837529585e-02,8.092987966011754020e-02,5.006894622289111141e-02,-3.048618841251994963e-02
-6.243106062723506600e-02,7.646470333173306655e-02,4.628308018497123699e-02,-2.894460251800357042e-02
-6.403719759959562718e-02,7.321489357320896951e-02,4.410486643917220506e-02,-2.853903682854781049e-02
-6.489899531192619420e-02,7.387741902589198273e-02,4.391475658916153824e-02,-2.800938327574393691e-02
-6.420834898342750452e-02,7.600800202346842671e-02,4.474830243635036925e-02,-2.923344025537067542e-02
-6.253943790761619381e-02,7.478070608125972352e-02,4.452875645731402959e-02,-2.695574822738515050e-02
-5.953133688237893795e-02,6.736955482827849950e-02,4.315010196301420631e-02,-2.218653268669121617e-02
-5.615701542341216407e-02,5.646743967555528654e-02,4.089739951874933610e-02,-2.311444767409239279e-02
-5.417899694477993494e-02,4.291159231592864276e-02,4.110550073919146119e-02,-2.343219507710528338e-02
-5.329620499568023251e-02,2.984524362219538943e-02,3.539542886634132468e-02,-2.442107280471832870e-02
-5.235814366756432608e-02,1.524406547118006133e-02,3.395479395985026572e-02,-2.422434076712493001e-02
-5.338646758717385810e-02,4.237888479253352700e-03,3.085459148942274257e-02,-2.485811663175347894e-02
-5.543746116534466195e-02,-3.883196428353166522e-03,2.971414115376542694e-02,-2.295259323387197417e-02
-5.783927955753500466e-02,-7.919836223077625359e-03,2.859111449586656389e-02,-2.627901726723945106e-02
-5.753177264449150369e-02,-1.139925400396279466e-02,2.494149907531115554e-02,-2.270468693724961642e-02
-5.753353309438152124e-02,-1.531125423999682433e-02,2.515203949849082257e-02,-2.357016194800253678e-02
-5.616810434122092993e-02,-1.980464767751448363e-02,2.306928641526733922e-02,-2.373086820319025500e-02
-5.472232187677648907e-02,-2.299143044621747983e-02,2.407120474112184674e-02,-2.645226396334107027e-02
-5.245581721276593168e-02,-2.704366572284925760e-02,2.275020319723450313e-02,-2.507045472752560469e-02
-5.078786695839326848e-02,-2.681325066474149130e-02,2.534689555037020203e-02,-2.378134597563949168e-02
-4.955087212736936086e-02,-2.335930056425049653e-02,2.758119811452126868e-02,-2.416030535398416487e-02
-4.815939219370445751e-02,-1.761994543177179337e-02,2.970208616392912976e-02,-2.397753752442360539e-02
-4.723816361181773504e-02,-9.659287558052150405e-03,3.132494084841801890e-02,-2.467392063634409397e-02
-4.633723143554380197e-02,-1.247371641174723714e-03,3.473017370306145934e-02,-2.407790930224487647e-02
-4.540613854993138382e-02,7.017746060831387724e-03,3.692798338915575379e-02,-2.415104857016877465e-02
-4.405409566116910702e-02,1.227366013917646076e-02,3.700594822523394639e-02,-2.331155282932404968e-02
-4.255983937781805670e-02,1.442302864955621183e-02,3.766973670173247302e-02,-2.308444808555506697e-02
-4.211730785047720221e-02,1.395231583430041680e-02,3.759662214473318692e-02,-2.439921442786540523e-02
-4.080406343068566227e-02,1.234719508267768939e-02,3.747068074504273510e-02,-2.575324278668430708e-02
-3.965063415925189350e-02,1.011048689909874523e-02,3.611294257207719322e-02,-2.588021580949063927e-02
-3.833251686004681552e-02,8.284449629921149250e-03,3.566857999952063180e-02,-2.638280253231876232e-02
-3.784291945952322073e-02,5.924821224545209937e-03,3.599625169529089425e-02,-2.778508500170392276e-02
-3.694441469375499970e-02,4.171124646384517104e-03,3.491909240294382294e-02,-2.723004486728825002e-02
-3.609294552123205185e-02,2.538502193599137362e-03,3.432881169747901973e-02,-2.758840059636903652e-02
-3.596746098567809441e-02,1.368172138370830817e-03,3.427555824692866959e-02,-2.787015782729401064e-02
-3.568051341654782799e-02,-1.014494171512551456e-03,3.630129974079468469e-02,-2.597582648280437681e-02
-3.568192200083548232e-02,4.195794871310372246e-04,3.742746200914753851e-02,-2.647521710457843500e-02
-3.540242108798992426e-02,1.766020361390256352e-03,3.745878052311603368e-02,-2.692608407454105679e-02
-3.513139052075187063e-02,4.546237925408291511e-03,3.764144684769361870e-02,-2.790635258867769572e-02
-3.431839497855932591e-02,6.177172858678385212e-03,3.960281258493970197e-02,-2.856691676807926808e-02
-3.310399303535398879e-02,7.790433569295762695e-03,3.913348819898604392e-02,-2.984726628399346840e-02
-3.125680379031523654e-02,9.454901665976459674e-03,3.792827020385429460e-02,-3.108295217615116013e-02
-2.969474983133115267e-02,7.351265183998244648e-03,3.760995695163820568e-02,-3.154951083409646834e-02
-2.776502823582412474e-02,7.921146716361088941e-03,3.932576525698747855e-02,-3.194319682993614073e-02
-2.622383564426520111e-02,8.110841384613475327e-03,3.887260494661378546e-02,-3.211237719120099005e-02
-2.552478195885222317e-02,7.440952313338255325e-03,4.001824169036564266e-02,-3.300194204336101556e-02
-2.383347424330274633e-02,6.074764532404513563e-03,4.103009037122522240e-02,-3.108049599261921911e-02
-2.273694509111305606e-02,7.304301441818413475e-03,3.945249840593512830e-02,-2.959459320854119710e-02
-2.274104674606283044e-02,7.444314489969057133e-03,3.935051522448392708e-02,-2.950449992481563727e-02
-2.227788877517388605e-02,7.460881088144234903e-03,3.913097157699833156e-02,-2.884292676802901328e-02
-2.341623134499340800e-02,8.534663797145404865e-03,4.020432981835540820e-02,-2.915672183717419111e-02
-2.429785719644257658e-02,9.594595435873024339e-03,4.041977500579485572e-02,-2.865352016828690701e-02
-2.525790878704860937e-02,1.224612103228123715e-02,4.006059255304870309e-02,-2.949223404518298494e-02
-2.636741202710227161e-02,1.415316978665337802e-02,3.982623627691762175e-02,-2.941229135368406480e-02
-2.660842509902117820e-02,1.647355530295440545e-02,4.017205348766119538e-02,-2.805124134507632969e-02
-2.720864302156630887e-02,1.964892133350889386e-02,3.977849121165025204e-02,-3.176187910623561733e-02
-2.746055972282701596e-02,1.988743986798994362e-02,4.065860071184946439e-02,-3.050663077787880290e-02
-2.678236339846319300e-02,1.774261015342850842e-02,3.991979579621319357e-02,-3.040006602035536659e-02
-2.638067334361578892e-02,1.398361726029192544e-02,4.024201309272990718e-02,-3.011306906189913785e-02
-2.555552274500744528e-02,8.245997053341051763e-03,4.072577746032206986e-02,-2.829890736730564585e-02
-2.558315892811177314e-02,4.979184859809664652e-03,3.810530086812430328e-02,-3.014422273368225907e-02
-2.513514524257478427e-02,1.119425925803757939e-03,3.967731566735454435e-02,-2.923869444646283802e-02
-2.432197955804869458e-02,-2.465787929448249368e-03,3.870655130144034367e-02,-2.833671816069587707e-02
-2.391924149389162285e-02,-4.599632568194973042e-03,3.980482482689794849e-02,-2.814682334954650075e-02
-2.213845352921434140e-02,-8.776167288600538949e-03,3.749739735333904728e-02,-2.624162342150415314e-02
-2.302603754341828179e-02,-6.721565673472244644e-03,3.747081071085759524e-02,-2.985575787509394535e-02
-2.300679896900448967e-02,-9.686485059804522332e-03,3.982781624434882789e-02,-2.912371751393266067e-02
-2.254247010413790858e-02,-1.212204835299310335e-02,4.035733807204075485e-02,-2.839103681740293844e-02
-2.259768515975622491e-02,-1.259787635606526845e-02,3.923780702523782526e-02,-2.902147464350011280e-02
-2.211693446002482508e-02,-1.321524145881998458e-02,3.848143998330648408e-02,-2.936527154063805697e-02
-2.103636742000657145e-02,-1.489850301762628976e-02,3.837309063878912435e-02,-2.771510591160585013e-02
-2.133723150858964426e-02,-1.554739614091014618e-02,3.916266471904674557e-02,-2.847463150192054357e-02
-2.079469917706985166e-02,-1.505055726578831583e-02,3.840029419500209928e-02,-2.864624989714292802e-02
-2.030157318291178972e-02,-1.718510409684628759e-02,3.662177145719834603e-02,-2.727247811361858260e-02
-2.064710274440146806e-02,-1.673040147784838824e-02,3.860302318242301439e-02,-2.872029587070703410e-02
-1.951178417115302308e-02,-1.741620476641477996e-02,3.721655726947484255e-02,-2.853245298588075532e-02
-1.881407978524525515e-02,-1.782313864953755100e-02,3.797537033676195301e-02,-2.734414559873745917e-02
-1.904221881578737133e-02,-1.457390463466721325e-02,3.765255027287151696e-02,-2.939878704155856129e-02
-1.919969004849318012e-02,-1.501177146488541329e-02,3.979315966873937793e-02,-2.714160250678943412e-02
-1.849649866863806863e-02,-1.283709886873945182e-02,3.742825816581805964e-02,-2.933934979046388253e-02
-1.836997418083785236e-02,-1.223275540640123699e-02,3.849536568202682058e-02,-2.901749754080742982e-02
-1.928922461383233283e-02,-1.191664239745096436e-02,4.034162584374073601e-02,-2.907606087773463924e-02
-1.933189122975108656e-02,-1.075967907475758323e-02,4.051228058551027689e-02,-3.085632508400018570e-02
-1.896795406994081917e-02,-1.065663943432182577e-02,3.990702773652413798e-02,-2.959948440537847961e-02
-1.934791703486643186e-02,-8.980522766959913444e-03,4.043988128275038257e-02,-3.140924732563394467e-02
-1.998953789235523651e-02,-8.141460288837892509e-03,4.094886440820809381e-02,-3.185781355594127090e-02
-2.001271705552106969e-02,-8.833562517350514523e-03,4.184082101232441259e-02,-2.985397754867108108e-02
-1.946780571927683029e-02,-7.865931862885078979e-03,3.990354129177778320e-02,-3.024406604779637797e-02
-1.960307417551050008e-02,-8.692471984857013875e-03,4.065022782391897876e-02,-2.908768718866217365e-02
-2.036959828863440722e-02,-7.079926676033897540e-03,3.995549655496217351e-02,-3.150117712837534334e-02
-2.129246686534162769e-02,-8.555972970811216369e-03,4.158317007626929213e-02,-3.169559400494462859e-02
-2.153796057114776633e-02,-9.875407481882182703e-03,4.143711589840055193e-02,-3.208614003017733890e-02
-2.020183627783725400e-02,-8.627619150687928715e-03,4.017071954624205216e-02,-2.754742012719265179e-02
-1.950873978988433219e-02,-6.096772676780135708e-03,3.556893534637908805e-02,-2.892929460092312152e-02
-2.049919756786143174e-02,-4.728077132362995365e-03,3.766061832035503404e-02,-3.249905053160948021e-02
-2.086460040926687437e-02,-4.232404763321468040e-03,4.153074329715946561e-02,-3.092576196718615361e-02
-2.043672985945426887e-02,-1.921175137115692507e-03,4.141672651676031602e-02,-3.202503649834081284e-02
-1.971773371403289302e-02,-1.050349020336779036e-03,4.203893126531466767e-02,-3.095234647550136262e-02
-1.905280541867323749e-02,6.976867703020865358e-04,4.291625456286918272e-02,-3.025020480377947282e-02
-1.902232961729684660e-02,1.969551374669422164e-03,4.120148132885242953e-02,-3.226032212206506739e-02
-1.900474350418208946e-02,2.953642767010256770e-03,4.307956836696184844e-02,-3.080016403541342013e-02
-1.885683776615040136e-02,4.086718967628001631e-03,4.201079548199645325e-02,-3.239624101512282583e-02
-1.875866292520628892e-02,3.646522848943378834e-03,4.197652922943490711e-02,-3.158390214093229759e-02
-1.832294794289618042e-02,4.785094622760729423e-03,4.082848286882004296e-02,-3.166808477771278912e-02
-1.788667994911551790e-02,4.970759119237799263e-03,4.047117704543025385e-02,-3.304183751029755867e-02
-1.777601641105065050e-02,5.481664502698863246e-03,4.155384548093184888e-02,-3.418905194137802916e-02
-1.766358881826126867e-02,4.031441201622800244e-03,4.403250124731553083e-02,-3.485335593937134713e-02
-1.617834158005125589e-02,7.367007064487983599e-03,4.136187242504887895e-02,-3.094509127942497023e-02
-1.565455948455368729e-02,6.268279436936768749e-03,4.282187411133780292e-02,-3.320281271646581545e-02
-1.581859072739661559e-02,7.001374990029840539e-03,4.677612838669836792e-02,-3.288831967619615382e-02
-1.467465291379266464e-02,7.156456169584862054e-03,4.353516493805881932e-02,-3.250854492372729637e-02
-1.352985741563388078e-02,8.133656136704178752e-03,4.640560261862820834e-02,-3.308274862528159943e-02
-1.345567510294819885e-02,9.447053052814546534e-03,4.846532212336867457e-02,-3.322628680761753606e-02
-1.245838043864207732e-02,1.079705396156798239e-02,4.947656908574209894e-02,-3.381002788764721212e-02
-1.125685805547281537e-02,1.200193456353564753e-02,5.055820147851791679e-02,-3.316338914370371010e-02
-9.660292858770416768e-03,1.328931422748333598e-02,5.192514168063611796e-02,-3.426512773225005859e-02
-6.722045912705799237e-03,1.203408649250686281e-02,5.487551181220260560e-02,-3.148124317726611054e-02
-2.451596992657368961e-03,1.085747897630302307e-02,5.025519507409595410e-02,-3.085544572903748881e-02
7.142876104692362244e-04,1.424619032619348427e-03,5.079816508169152783e-02,-2.671384290951236626e-02
3.204552426635673239e-03,-1.515742233872379927e-02,5.388187749825391892e-02,-2.638963222782665305e-02
7.515058122863607550e-04,-3.357918468134209883e-02,5.367815003004945684e-02,-2.900950800795672885e-02
1.452334831090819865e-03,-5.677839415384706295e-02,4.062316614300364587e-02,-3.054281785317532194e-02
-2.409380816122455669e-03,-9.734401420557069196e-02,4.504010413896306769e-02,-2.726245375738393581e-02
-8.928567029745243262e-04,-1.197669378185033523e-01,3.621672200691750804e-02,-2.803957440212915403e-02
-1.011976914514006991e-03,-1.464744187634263728e-01,3.631194211647126996e-02,-2.957742260429234785e-02
5.807846934843042576e-03,-1.589599257578870883e-01,3.550324430824941535e-02,-3.090112421764199674e-02
1.451408802490003654e-02,-1.648904091410059447e-01,3.964355253634636173e-02,-2.943633768770968426e-02
3.034914847564003718e-02,-1.547887373664210975e-01,5.005462398810619357e-02,-2.819164944733060577e-02
4.586340136896040892e-02,-1.418768872240604162e-01,5.522112136216008466e-02,-2.666885334176471306e-02
6.002736266231867984e-02,-1.253647754504393086e-01,5.435984593149777860e-02,-2.609148957823323456e-02
6.865044897893128606e-02,-1.148088147257487895e-01,6.025600128668748279e-02,-2.898830496540999099e-02
7.362270219785778391e-02,-1.059363258948783360e-01,5.798455854354836458e-02,-3.354240200562262630e-02
7.868747373629013386e-02,-1.045344111182549551e-01,5.948664415951082640e-02,-3.687049616932306512e-02
8.111385858889888500e-02,-1.109244560454467482e-01,6.235987944675436268e-02,-3.316584748516136771e-02
8.913900386290873890e-02,-1.124792889143701596e-01,6.220370706625549112e-02,-3.713017328504978481e-02
1.041539558824950001e-01,-1.195045391842978477e-01,7.266209686799536549e-02,-3.398300999125477423e-02
1.269508555085730184e-01,-1.319699030079111435e-01,6.231852373186392430e-02,-3.831907497858483280e-02
1.478434506829229278e-01,-1.393702564453581649e-01,8.606687219030365044e-02,-2.551202696626147723e-02
1.713061790754719926e-01,-1.431822794502731200e-01,1.045250048606133353e-01,-2.523898740928386120e-02
2.079791874258262174e-01,-1.525321543474228436e-01,1.065348146297344228e-01,-1.489845309755089345e-02
2.343352212986965499e-01,-1.502359405251395830e-01,9.296488123687095262e-02,-3.713868960735140085e-02
2.504160436894209418e-01,-1.611423859457381536e-01,1.133869076184398084e-01,-2.705227038239458801e-02
2.575706522199293080e-01,-1.477416589539822245e-01,7.301965229856510753e-02,-5.347303036457151659e-02
2.398066430790678216e-01,-1.617504777614818534e-01,1.169131326771584711e-01,-3.995529792059056978e-02
2.317826797678498030e-01,-1.755233130322262081e-01,1.400272718395541016e-01,-2.426751056399674769e-02
2.124724533680110439e-01,-1.486913685408733643e-01,5.590439459341565998e-02,-7.257938004908236207e-02
1.806378620527278323e-01,-1.576923513595373250e-01,8.520740212288954729e-02,-5.157001371826636094e-02
1.531149259876792845e-01,-1.335545400191696930e-01,8.709200022345327252e-02,-7.608042079454184481e-02
1.187267209307419358e-01,-1.004395924067202628e-01,7.504725815920074150e-02,-1.039537769194268935e-01
1.117000365756508767e-01,-6.280781108573743610e-02,2.128943096528745915e-02,-1.205663627554233730e-01
9.355624487432380454e-02,-5.315757089029062021e-02,-3.048248906648333770e-02,-1.225061169876981576e-01
5.395764055941108112e-02,-3.460010503746349664e-02,3.448475265161794756e-02,-2.143890910926734839e-01
1.216514649292789289e-02,7.985843832655535601e-02,-3.596123707725967355e-03,-3.845842282078303920e-01
-9.557454195613865333e-03,8.852357670974682347e-02,-1.180125100296781360e-01,-3.839746284070824633e-01
5.062126836561173238e-02,8.010376839511539060e-02,-1.941528900986005113e-01,-3.313529577602288279e-01
3.186617281004835989e-02,7.301261937983459516e-02,-1.942686223954674107e-01,-3.043968988915046192e-01
-6.914045970192732316e-03,-2.084674303244167873e-02,-2.859350593962264528e-02,-2.783942622677528789e-01
6.107813861310988808e-03,5.855275582563165132e-02,-9.394125504810117711e-02,-3.355532243482281518e-01
